claim_id,patient_id,hospital_id,doctor_id,diagnosis_code,disease_type,procedure_code,procedure_cost_standard,claim_amount,length_of_stay,previous_claims_count,patient_age,claim_date,abha_id,Claim_ID,Patient_ID,Hospital_ID,Doctor_ID,Diagnosis_Code,Treatment_Code,Admission_Date,Discharge_Date,Claim_Amount,Approved_Amount,Location
C0001,P0122,H008,D047,DIA_ACUTE2,Acute,PROC19,37263,36329,4,9,66,2024-07-23,35435477713642,CLM10000,PAT20000,HSP899,DOC9105,D001,T400,2023-09-30,2022-04-29,2424,15036,Hyderabad
C0002,P0329,H009,D006,DIA_CAN,Chronic,PROC09,41724,166896,6,8,53,2024-10-25,43957363248009,CLM10001,PAT20001,HSP459,DOC4971,D002,T300,2023-02-15,2022-09-28,7524,19880,Delhi
C0003,P0417,H009,D043,DIA_MINOR2,Minor,PROC14,22996,24416,6,9,70,2024-12-01,74219124318203,CLM10002,PAT20002,HSP935,DOC5814,D001,T400,2023-03-04,2025-08-07,16760,24804,Chennai
C0004,P0275,H005,D004,DIA_MINOR1,Minor,PROC08,31908,30515,7,4,52,2024-03-31,46634476747351,CLM10003,PAT20003,HSP909,DOC8223,D005,T200,2024-01-15,2024-07-29,31791,15001,Bangalore
C0005,P0574,H012,D035,DIA_ACUTE1,Acute,PROC12,38797,38860,4,5,61,2024-08-28,76786624360852,CLM10004,PAT20004,HSP432,DOC1910,D005,T100,2022-05-10,2023-04-15,24164,32823,Chennai
C0006,P0133,H010,D021,DIA_CAN,Chronic,PROC10,49806,52633,3,5,75,2024-01-04,96692040037469,CLM10005,PAT20005,HSP248,DOC5418,D005,T300,2022-11-27,2025-07-05,2098,12279,Delhi
C0007,P0084,H003,D007,DIA_ACUTE1,Acute,PROC01,18113,54339,10,2,35,2024-05-09,76398918686864,CLM10006,PAT20006,HSP843,DOC8585,D003,T100,2022-05-12,2023-10-15,21280,43301,Hyderabad
C0008,P0384,H009,D009,DIA_DIAL,Chronic,PROC05,22251,24023,1,2,35,2024-08-13,77041094151778,CLM10007,PAT20007,HSP623,DOC4399,D001,T100,2022-12-15,2024-09-18,33921,4277,Kolkata
C0009,P0458,H011,D020,DIA_MINOR2,Minor,PROC17,32294,35176,3,4,77,2024-09-13,91696436610130,CLM10008,PAT20008,HSP644,DOC2281,D003,T200,2024-01-06,2024-06-14,47244,5167,Delhi
C0010,P0225,H003,D008,DIA_CAN,Chronic,PROC12,29086,28986,2,10,28,2024-03-15,45751809896136,CLM10009,PAT20009,HSP384,DOC6768,D001,T500,2023-05-12,2022-04-26,45117,19145,Mumbai
C0011,P0216,H011,D016,DIA_MINOR1,Minor,PROC02,36459,36291,7,4,36,2024-11-19,87037761769871,CLM10010,PAT20010,HSP898,DOC6615,D002,T400,2024-05-26,2023-04-24,5726,42409,Chennai
C0012,P0116,H008,D016,DIA_MINOR2,Minor,PROC07,46242,46946,3,0,74,2024-01-25,44970275837685,CLM10011,PAT20011,HSP305,DOC4973,D005,T300,2024-11-27,2025-03-17,45958,38167,Hyderabad
C0013,P0200,H020,D050,DIA_MINOR2,Minor,PROC16,31488,33662,6,3,61,2024-12-14,88148101018650,CLM10012,PAT20012,HSP947,DOC3266,D005,T300,2024-05-28,2025-02-04,9817,42898,Chennai
C0014,P0591,H014,D021,DIA_CAN,Chronic,PROC09,10758,13443,2,3,52,2024-01-27,90661344151619,CLM10013,PAT20013,HSP273,DOC7520,D005,T100,2022-01-30,2024-12-25,8145,35180,Mumbai
C0015,P0767,H018,D049,DIA_ACUTE1,Acute,PROC11,19211,21094,5,3,42,2024-12-08,66620537037470,CLM10014,PAT20014,HSP228,DOC9416,D002,T500,2022-11-18,2023-11-23,7917,44888,Delhi
C0016,P0098,H001,D001,DIA_ACUTE1,Acute,PROC20,23193,24773,3,4,27,2024-10-19,59247126934541,CLM10015,PAT20015,HSP348,DOC5618,D003,T100,2024-10-11,2024-12-08,39592,18352,Delhi
C0017,P0657,H013,D041,DIA_DIAL,Chronic,PROC06,37963,35079,2,6,46,2024-06-30,40423855597889,CLM10016,PAT20016,HSP244,DOC9800,D005,T100,2022-02-24,2024-06-20,19383,14135,Delhi
C0018,P0606,H020,D019,DIA_DIAL,Chronic,PROC20,8000,10698,1,2,47,2024-11-09,26302868005174,CLM10017,PAT20017,HSP180,DOC4500,D002,T200,2025-06-15,2023-12-22,22445,21183,Bangalore
C0019,P0300,H016,D002,DIA_MINOR2,Minor,PROC08,30878,92634,5,3,31,2024-07-19,53171967781176,CLM10018,PAT20018,HSP161,DOC7538,D002,T200,2025-07-30,2024-12-12,24518,30906,Kolkata
C0020,P0698,H020,D009,DIA_MINOR1,Minor,PROC16,39069,78138,2,10,21,2024-02-17,13942960095452,CLM10019,PAT20019,HSP593,DOC4495,D005,T300,2022-06-15,2022-11-07,5825,35050,Mumbai
C0021,P0701,H019,D027,DIA_MINOR2,Minor,PROC19,46831,47491,4,4,34,2024-02-21,19149662061972,CLM10020,PAT20020,HSP721,DOC1476,D005,T200,2023-04-03,2022-12-08,29255,20140,Chennai
C0022,P0184,H002,D004,DIA_ACUTE1,Acute,PROC07,25961,24640,2,2,57,2024-06-29,82847952120067,CLM10021,PAT20021,HSP770,DOC1424,D004,T400,2022-03-20,2025-05-30,43302,29302,Chennai
C0023,P0271,H017,D032,DIA_ACUTE1,Acute,PROC08,41005,38831,3,6,35,2024-10-05,67145743239651,CLM10022,PAT20022,HSP540,DOC4039,D005,T200,2022-02-18,2022-08-05,37576,22517,Chennai
C0024,P0047,H002,D007,DIA_ACUTE2,Acute,PROC05,14877,15294,7,10,64,2024-08-02,20140936416681,CLM10023,PAT20023,HSP137,DOC5083,D001,T300,2025-03-21,2025-10-19,42083,18768,Mumbai
C0025,P0563,H001,D006,DIA_CAN,Chronic,PROC08,29152,30335,3,5,49,2024-03-26,34665260183843,CLM10024,PAT20024,HSP767,DOC3757,D005,T300,2022-05-23,2022-09-11,4727,11898,Bangalore
C0026,P0391,H013,D044,DIA_ACUTE2,Acute,PROC17,22594,21201,4,7,49,2024-08-20,63264141073571,CLM10025,PAT20025,HSP569,DOC4007,D002,T400,2022-11-02,2022-10-07,39862,2465,Delhi
C0027,P0531,H002,D017,DIA_CAN,Chronic,PROC18,36414,38383,3,3,35,2024-04-04,28438489395730,CLM10026,PAT20026,HSP276,DOC1312,D005,T500,2024-11-24,2023-05-26,45454,2499,Kolkata
C0028,P0233,H006,D024,DIA_ACUTE1,Acute,PROC04,30606,33318,5,8,42,2024-10-13,26389684986924,CLM10027,PAT20027,HSP244,DOC4725,D003,T100,2025-04-13,2023-02-17,33767,43449,Bangalore
C0029,P0255,H005,D026,DIA_CAN,Chronic,PROC06,17752,18854,3,9,75,2024-03-14,58765950068804,CLM10028,PAT20028,HSP593,DOC6240,D002,T400,2024-01-29,2022-11-04,8658,36686,Mumbai
C0030,P0667,H006,D045,DIA_ACUTE1,Acute,PROC12,44441,44644,5,9,26,2024-07-12,63329583710044,CLM10029,PAT20029,HSP183,DOC2634,D003,T400,2023-07-20,2022-07-05,27480,2032,Bangalore
C0031,P0099,H007,D020,DIA_ACUTE2,Acute,PROC18,38738,39515,5,2,47,2024-02-01,93720190132059,CLM10030,PAT20030,HSP782,DOC1936,D005,T400,2025-10-31,2024-03-09,23801,27802,Mumbai
C0032,P0318,H011,D028,DIA_ACUTE2,Acute,PROC12,12547,15450,6,1,18,2024-11-06,60233518850910,CLM10031,PAT20031,HSP217,DOC5118,D001,T100,2022-10-01,2025-06-29,15336,37810,Delhi
C0033,P0462,H020,D033,DIA_CAN,Chronic,PROC09,34720,35339,2,2,80,2024-03-29,86462786973290,CLM10032,PAT20032,HSP122,DOC7156,D001,T100,2024-10-22,2024-12-14,17555,32012,Hyderabad
C0034,P0314,H008,D041,DIA_ACUTE1,Acute,PROC12,25656,22900,4,8,68,2024-05-11,69597221146067,CLM10033,PAT20033,HSP341,DOC4526,D003,T300,2024-05-14,2024-07-20,36063,40605,Kolkata
C0035,P0032,H006,D038,DIA_MINOR2,Minor,PROC08,31351,30644,7,3,68,2024-07-25,37176440062921,CLM10034,PAT20034,HSP846,DOC2849,D004,T500,2025-06-01,2024-05-18,23414,40033,Delhi
C0036,P0718,H014,D037,DIA_MINOR2,Minor,PROC12,23024,25295,5,2,36,2024-10-24,42044237397973,CLM10035,PAT20035,HSP921,DOC3530,D002,T300,2022-12-11,2023-11-21,16944,10523,Hyderabad
C0037,P0435,H010,D008,DIA_ACUTE1,Acute,PROC05,37234,39599,3,3,22,2024-06-18,53815405089363,CLM10036,PAT20036,HSP503,DOC1382,D005,T500,2025-10-29,2024-02-10,9499,4920,Delhi
C0038,P0178,H001,D007,DIA_ACUTE1,Acute,PROC01,20428,20063,3,2,34,2024-10-20,72670915517198,CLM10037,PAT20037,HSP451,DOC7142,D004,T500,2024-02-28,2024-11-30,25954,4371,Bangalore
C0039,P0249,H003,D016,DIA_ACUTE2,Acute,PROC06,45607,46440,7,6,66,2024-01-13,43091984733690,CLM10038,PAT20038,HSP234,DOC3866,D001,T300,2024-06-21,2024-12-13,37559,15064,Bangalore
C0040,P0131,H015,D025,DIA_DIAL,Chronic,PROC12,43849,42998,3,6,30,2024-09-02,58971490148196,CLM10039,PAT20039,HSP675,DOC6995,D003,T200,2025-01-07,2024-02-26,43931,29927,Delhi
C0041,P0161,H001,D021,DIA_MINOR2,Minor,PROC01,34233,32522,4,7,19,2024-01-09,46992104670179,CLM10040,PAT20040,HSP642,DOC4479,D001,T400,2023-07-09,2023-05-22,9559,25407,Chennai
C0042,P0698,H020,D027,DIA_MINOR2,Minor,PROC06,28584,30144,6,2,67,2024-10-30,85342606863858,CLM10041,PAT20041,HSP912,DOC2099,D001,T500,2024-04-08,2024-06-03,7525,4452,Bangalore
C0043,P0794,H004,D020,DIA_MINOR1,Minor,PROC12,9250,10787,24,10,24,2024-06-23,42835074024883,CLM10042,PAT20042,HSP629,DOC4296,D001,T400,2024-11-08,2025-11-24,47653,11795,Chennai
C0044,P0265,H017,D008,DIA_CAN,Chronic,PROC08,25585,26653,19,7,76,2024-05-26,79995559319718,CLM10043,PAT20043,HSP732,DOC5836,D001,T400,2022-12-23,2022-05-20,45445,43912,Kolkata
C0045,P0672,H015,D018,DIA_CAN,Chronic,PROC11,21681,20018,1,4,65,2024-11-28,54075736913241,CLM10044,PAT20044,HSP296,DOC6942,D003,T500,2024-10-13,2024-03-23,49757,3401,Kolkata
C0046,P0056,H010,D014,DIA_ACUTE1,Acute,PROC16,46639,47166,3,9,48,2024-06-12,76439698962745,CLM10045,PAT20045,HSP550,DOC3820,D003,T400,2022-01-29,2023-06-08,46619,32152,Mumbai
C0047,P0659,H002,D046,DIA_CAN,Chronic,PROC14,41963,40252,3,9,30,2024-12-05,98340503016271,CLM10046,PAT20046,HSP947,DOC8222,D005,T400,2024-04-09,2024-03-11,27060,5169,Mumbai
C0048,P0145,H010,D041,DIA_CAN,Chronic,PROC15,48515,48331,2,4,31,2024-02-21,28512549070670,CLM10047,PAT20047,HSP142,DOC8692,D001,T100,2022-04-25,2025-11-19,24452,8092,Bangalore
C0049,P0500,H020,D047,DIA_MINOR2,Minor,PROC10,13265,15255,3,5,63,2024-07-06,27066906299798,CLM10048,PAT20048,HSP933,DOC4189,D003,T400,2024-03-01,2023-02-22,37294,3844,Hyderabad
C0050,P0071,H002,D015,DIA_MINOR1,Minor,PROC02,11714,35142,4,7,42,2024-04-01,22046322064476,CLM10049,PAT20049,HSP954,DOC2746,D003,T200,2022-11-17,2024-05-06,38742,31080,Bangalore
C0051,P0286,H006,D016,DIA_ACUTE2,Acute,PROC17,25748,23427,2,9,46,2024-10-02,73901451603025,CLM10050,PAT20050,HSP751,DOC7077,D001,T300,2022-03-19,2025-09-08,26797,44707,Hyderabad
C0052,P0012,H020,D015,DIA_DIAL,Chronic,PROC14,9511,7744,1,10,52,2024-01-30,67924302218650,CLM10051,PAT20051,HSP554,DOC3282,D004,T200,2023-07-15,2023-07-01,34454,16806,Hyderabad
C0053,P0462,H007,D023,DIA_MINOR1,Minor,PROC17,25501,26387,7,6,49,2024-05-11,74366555453401,CLM10052,PAT20052,HSP486,DOC1025,D005,T400,2023-10-18,2025-08-20,31471,3225,Mumbai
C0054,P0477,H005,D005,DIA_ACUTE2,Acute,PROC10,11063,12822,4,2,22,2024-10-24,69736872314478,CLM10053,PAT20053,HSP610,DOC3450,D004,T300,2024-04-20,2025-11-09,27626,9267,Kolkata
C0055,P0038,H004,D040,DIA_ACUTE2,Acute,PROC13,19823,18792,5,2,30,2024-12-22,58474493864174,CLM10054,PAT20054,HSP644,DOC6631,D002,T400,2022-01-11,2024-02-16,39417,39435,Kolkata
C0056,P0236,H009,D041,DIA_DIAL,Chronic,PROC08,28249,25715,2,1,30,2024-03-03,83752830969637,CLM10055,PAT20055,HSP642,DOC8848,D001,T300,2022-07-25,2025-08-07,10569,30773,Hyderabad
C0057,P0724,H010,D046,DIA_MINOR2,Minor,PROC13,23531,24850,6,8,19,2024-11-03,45607161538174,CLM10056,PAT20056,HSP524,DOC2098,D004,T200,2025-03-19,2025-11-29,43590,43219,Mumbai
C0058,P0473,H008,D010,DIA_CAN,Chronic,PROC15,14572,13148,3,2,46,2024-12-08,73044528429574,CLM10057,PAT20057,HSP944,DOC8538,D002,T500,2024-09-22,2023-09-11,36172,13386,Kolkata
C0059,P0483,H002,D038,DIA_MINOR1,Minor,PROC01,24349,24136,5,10,26,2024-12-08,53583661466831,CLM10058,PAT20058,HSP310,DOC9163,D003,T500,2025-06-27,2022-01-17,32933,34496,Chennai
C0060,P0739,H001,D024,DIA_MINOR2,Minor,PROC06,49614,50831,19,0,24,2024-10-16,41306032349924,CLM10059,PAT20059,HSP520,DOC6569,D004,T400,2022-03-28,2022-02-21,30005,29627,Hyderabad
C0061,P0215,H020,D011,DIA_MINOR1,Minor,PROC16,30721,29832,2,10,47,2024-05-15,55138173050951,CLM10060,PAT20060,HSP318,DOC9972,D003,T200,2024-12-16,2025-12-23,2892,6031,Mumbai
C0062,P0273,H013,D031,DIA_ACUTE2,Acute,PROC06,33302,35109,5,2,23,2024-06-10,63261608453480,CLM10061,PAT20061,HSP745,DOC8673,D004,T300,2024-05-20,2023-10-17,48342,40036,Kolkata
C0063,P0078,H015,D017,DIA_DIAL,Chronic,PROC18,37680,36931,3,8,36,2024-07-13,95806606339001,CLM10062,PAT20062,HSP386,DOC8065,D005,T200,2023-02-07,2023-12-05,33872,33586,Bangalore
C0064,P0410,H010,D006,DIA_DIAL,Chronic,PROC17,25758,28181,2,8,76,2024-06-03,74756082307384,CLM10063,PAT20063,HSP813,DOC7806,D002,T100,2024-12-08,2025-03-08,48096,31916,Chennai
C0065,P0558,H015,D008,DIA_ACUTE2,Acute,PROC05,17072,51216,3,5,55,2024-04-23,63035614121839,CLM10064,PAT20064,HSP412,DOC2314,D005,T300,2022-02-11,2022-05-30,12196,41940,Kolkata
C0066,P0733,H001,D039,DIA_CAN,Chronic,PROC12,33408,33586,1,10,72,2024-11-13,23154234208454,CLM10065,PAT20065,HSP742,DOC1964,D002,T400,2023-01-21,2022-01-15,16939,8798,Chennai
C0067,P0129,H009,D001,DIA_CAN,Chronic,PROC02,8889,8277,1,4,48,2024-11-10,99930695280302,CLM10066,PAT20066,HSP499,DOC1297,D004,T500,2024-11-28,2024-01-29,4995,41744,Kolkata
C0068,P0706,H004,D028,DIA_DIAL,Chronic,PROC12,40807,122421,9,9,47,2024-09-24,19211612549324,CLM10067,PAT20067,HSP836,DOC3745,D001,T400,2025-11-07,2022-02-02,48466,9413,Chennai
C0069,P0730,H015,D041,DIA_ACUTE1,Acute,PROC06,28818,25952,6,8,72,2024-07-23,36060427309440,CLM10068,PAT20068,HSP807,DOC1060,D004,T100,2022-02-05,2024-03-25,10439,1193,Bangalore
C0070,P0197,H020,D019,DIA_ACUTE2,Acute,PROC02,39309,36430,2,0,49,2024-10-24,98377458207451,CLM10069,PAT20069,HSP738,DOC8711,D004,T100,2023-01-27,2023-07-23,42825,13921,Chennai
C0071,P0313,H017,D008,DIA_DIAL,Chronic,PROC02,25850,26078,1,3,35,2024-01-14,69058627933432,CLM10070,PAT20070,HSP856,DOC7486,D001,T500,2022-03-29,2023-06-20,37954,10865,Chennai
C0072,P0352,H001,D036,DIA_DIAL,Chronic,PROC01,11873,11828,3,6,71,2024-09-07,49044258403864,CLM10071,PAT20071,HSP429,DOC2226,D005,T300,2023-07-30,2023-03-13,6534,13058,Delhi
C0073,P0736,H010,D035,DIA_CAN,Chronic,PROC03,36025,35336,3,2,25,2024-12-17,73354441944921,CLM10072,PAT20072,HSP139,DOC8917,D001,T500,2023-11-05,2022-02-25,34362,44946,Hyderabad
C0074,P0676,H001,D023,DIA_DIAL,Chronic,PROC03,19857,18226,1,5,22,2024-07-20,57883473273209,CLM10073,PAT20073,HSP165,DOC9714,D005,T400,2023-03-15,2024-05-29,29011,20421,Hyderabad
C0075,P0299,H013,D016,DIA_MINOR1,Minor,PROC06,40281,39414,2,3,60,2024-07-06,12946990351255,CLM10074,PAT20074,HSP477,DOC3030,D003,T400,2022-10-14,2023-12-12,10394,16214,Delhi
C0076,P0622,H014,D033,DIA_DIAL,Chronic,PROC16,24776,24149,3,3,34,2024-02-18,16174868275711,CLM10075,PAT20075,HSP711,DOC2745,D001,T300,2025-05-31,2024-12-07,44498,41115,Hyderabad
C0077,P0792,H001,D013,DIA_ACUTE2,Acute,PROC08,31540,32844,6,2,64,2024-04-16,52589190627474,CLM10076,PAT20076,HSP101,DOC6866,D002,T500,2023-11-15,2023-11-11,8921,30453,Chennai
C0078,P0497,H012,D043,DIA_MINOR1,Minor,PROC15,24387,26844,6,5,75,2024-12-12,24782934668031,CLM10077,PAT20077,HSP920,DOC6374,D004,T500,2022-08-29,2023-03-22,31724,22782,Mumbai
C0079,P0158,H019,D012,DIA_MINOR2,Minor,PROC20,34125,34339,2,4,20,2024-10-10,26047082142811,CLM10078,PAT20078,HSP436,DOC8372,D004,T400,2025-09-21,2025-04-25,26974,40090,Mumbai
C0080,P0673,H007,D030,DIA_MINOR1,Minor,PROC17,26727,29534,6,6,33,2024-08-02,51383344945499,CLM10079,PAT20079,HSP317,DOC8598,D001,T400,2024-07-15,2024-05-07,16767,39894,Delhi
C0081,P0482,H010,D028,DIA_ACUTE2,Acute,PROC14,48527,49862,5,1,44,2024-11-08,22524874181695,CLM10080,PAT20080,HSP686,DOC5002,D002,T500,2023-07-25,2026-01-05,42116,12779,Delhi
C0082,P0689,H013,D015,DIA_ACUTE1,Acute,PROC14,37399,35842,2,0,25,2024-08-18,46019924724850,CLM10081,PAT20081,HSP576,DOC8230,D003,T400,2024-03-31,2023-10-06,8438,18415,Chennai
C0083,P0196,H001,D049,DIA_CAN,Chronic,PROC12,40011,39764,3,1,73,2024-07-21,95903659359180,CLM10082,PAT20082,HSP260,DOC3186,D004,T500,2024-01-14,2024-07-31,21808,43886,Chennai
C0084,P0635,H014,D005,DIA_MINOR2,Minor,PROC06,8113,9589,2,10,45,2024-02-06,56764232909705,CLM10083,PAT20083,HSP151,DOC9988,D004,T500,2023-01-04,2022-05-03,48543,11328,Bangalore
C0085,P0021,H008,D037,DIA_MINOR1,Minor,PROC08,25079,23155,5,1,63,2024-03-20,95227753969517,CLM10084,PAT20084,HSP908,DOC2340,D005,T500,2022-04-13,2022-10-08,27896,42993,Hyderabad
C0086,P0337,H019,D048,DIA_ACUTE2,Acute,PROC10,20879,22383,2,1,80,2024-03-12,74217795481567,CLM10085,PAT20085,HSP960,DOC4836,D005,T100,2024-12-11,2025-01-22,6805,29515,Chennai
C0087,P0735,H001,D013,DIA_ACUTE2,Acute,PROC01,26393,24451,2,7,23,2024-10-26,77352134767200,CLM10086,PAT20086,HSP958,DOC2157,D003,T200,2022-05-30,2024-08-24,20671,17175,Chennai
C0088,P0266,H009,D041,DIA_CAN,Chronic,PROC16,35225,33988,2,0,52,2024-09-27,80267050760839,CLM10087,PAT20087,HSP490,DOC5231,D005,T100,2023-12-09,2023-04-26,31362,32069,Bangalore
C0089,P0231,H003,D024,DIA_CAN,Chronic,PROC11,47587,45415,2,4,77,2024-01-24,60876297398345,CLM10088,PAT20088,HSP507,DOC1678,D001,T500,2023-09-15,2025-03-05,6224,15899,Mumbai
C0090,P0049,H005,D042,DIA_ACUTE2,Acute,PROC15,32238,34682,4,7,40,2024-08-24,49227718624404,CLM10089,PAT20089,HSP243,DOC6484,D003,T100,2025-10-26,2023-07-27,27080,44618,Delhi
C0091,P0739,H018,D023,DIA_CAN,Chronic,PROC06,20354,18153,2,5,19,2024-02-06,48559284116281,CLM10090,PAT20090,HSP820,DOC6133,D002,T100,2024-05-11,2025-08-15,28592,11791,Bangalore
C0092,P0101,H005,D005,DIA_CAN,Chronic,PROC13,46730,43733,3,5,59,2024-07-16,16237218573877,CLM10091,PAT20091,HSP535,DOC8861,D001,T500,2022-01-14,2025-09-26,34413,641,Delhi
C0093,P0225,H020,D004,DIA_CAN,Chronic,PROC17,43956,87912,6,4,18,2024-07-21,62138733112762,CLM10092,PAT20092,HSP164,DOC3063,D003,T300,2022-01-10,2022-05-15,42119,14939,Bangalore
C0094,P0751,H016,D044,DIA_MINOR1,Minor,PROC19,10726,9866,2,2,45,2024-03-26,74872638176419,CLM10093,PAT20093,HSP687,DOC5993,D001,T300,2025-03-28,2024-05-09,7652,19878,Kolkata
C0095,P0580,H017,D032,DIA_ACUTE1,Acute,PROC20,29191,31004,7,5,78,2024-06-25,19579717411025,CLM10094,PAT20094,HSP365,DOC2075,D005,T300,2022-05-05,2024-07-09,26853,9192,Kolkata
C0096,P0294,H016,D047,DIA_ACUTE1,Acute,PROC04,10015,7506,6,3,44,2024-03-28,82509326159758,CLM10095,PAT20095,HSP336,DOC4593,D002,T200,2024-04-25,2024-04-15,3509,10885,Delhi
C0097,P0499,H009,D010,DIA_ACUTE2,Acute,PROC17,31934,29209,7,4,60,2024-09-27,90474481091446,CLM10096,PAT20096,HSP379,DOC2811,D002,T100,2023-04-30,2022-10-29,39011,32965,Kolkata
C0098,P0769,H016,D027,DIA_CAN,Chronic,PROC01,16122,18859,3,9,80,2024-06-24,97019224603422,CLM10097,PAT20097,HSP878,DOC8162,D005,T200,2023-05-02,2024-04-15,48989,30817,Bangalore
C0099,P0061,H007,D007,DIA_ACUTE1,Acute,PROC13,43401,46399,7,4,18,2024-06-09,84928047841799,CLM10098,PAT20098,HSP756,DOC6757,D004,T500,2025-03-27,2025-07-25,44820,36635,Chennai
C0100,P0541,H015,D007,DIA_ACUTE1,Acute,PROC20,32793,33250,5,9,39,2024-12-23,61535481230227,CLM10099,PAT20099,HSP531,DOC4258,D004,T100,2024-08-29,2024-01-02,21731,6670,Bangalore
C0101,P0087,H001,D013,DIA_DIAL,Chronic,PROC06,33695,31493,2,10,51,2024-08-20,40574697605046,CLM10100,PAT20100,HSP570,DOC9722,D002,T300,2025-01-29,2025-01-10,1215,40422,Mumbai
C0102,P0190,H010,D048,DIA_MINOR2,Minor,PROC08,49972,52736,6,0,68,2024-12-02,77880147925649,CLM10101,PAT20101,HSP420,DOC9182,D005,T200,2025-07-06,2023-11-24,49813,37920,Delhi
C0103,P0777,H016,D006,DIA_ACUTE2,Acute,PROC06,28837,29403,6,8,43,2024-02-20,80719750724249,CLM10102,PAT20102,HSP196,DOC2562,D003,T400,2022-01-29,2024-04-13,12178,35840,Delhi
C0104,P0456,H015,D034,DIA_MINOR2,Minor,PROC14,17023,18164,2,7,61,2024-05-05,98590994319308,CLM10103,PAT20103,HSP481,DOC9319,D004,T200,2024-08-18,2025-01-07,10065,6032,Bangalore
C0105,P0358,H010,D049,DIA_DIAL,Chronic,PROC13,23710,21764,2,0,50,2024-09-28,26384895449283,CLM10104,PAT20104,HSP788,DOC8247,D005,T500,2024-08-24,2023-03-05,12932,39341,Kolkata
C0106,P0228,H005,D041,DIA_ACUTE1,Acute,PROC12,42544,43822,24,4,58,2024-04-23,36877344565183,CLM10105,PAT20105,HSP248,DOC3848,D001,T200,2024-08-10,2024-10-18,1854,16949,Chennai
C0107,P0114,H010,D013,DIA_CAN,Chronic,PROC20,49869,149607,5,10,54,2024-08-14,93172364330349,CLM10106,PAT20106,HSP982,DOC3686,D004,T300,2022-11-19,2025-12-09,34454,37902,Delhi
C0108,P0241,H005,D031,DIA_MINOR2,Minor,PROC03,28117,26760,5,8,18,2024-12-26,96789128884811,CLM10107,PAT20107,HSP910,DOC4427,D002,T100,2023-10-04,2024-05-29,43101,42884,Delhi
C0109,P0481,H013,D003,DIA_MINOR1,Minor,PROC03,44273,45221,4,5,37,2024-08-11,42529680239420,CLM10108,PAT20108,HSP719,DOC4427,D003,T500,2025-03-17,2024-07-26,29876,25518,Kolkata
C0110,P0062,H010,D030,DIA_ACUTE1,Acute,PROC11,45799,46497,4,7,26,2024-12-27,61803469124885,CLM10109,PAT20109,HSP357,DOC8959,D005,T200,2023-11-24,2022-07-12,21648,24589,Hyderabad
C0111,P0732,H020,D042,DIA_ACUTE2,Acute,PROC14,10534,9529,2,1,50,2024-11-11,62311752096350,CLM10110,PAT20110,HSP359,DOC9620,D002,T100,2023-12-03,2024-10-03,18904,33923,Chennai
C0112,P0168,H007,D030,DIA_MINOR2,Minor,PROC18,14488,13434,5,7,34,2024-03-14,88680469657219,CLM10111,PAT20111,HSP745,DOC5564,D004,T400,2022-08-05,2025-08-22,45208,8226,Bangalore
C0113,P0673,H003,D038,DIA_ACUTE2,Acute,PROC02,8518,9389,2,9,21,2024-05-05,46850018959526,CLM10112,PAT20112,HSP930,DOC7607,D003,T200,2024-07-25,2023-07-05,24646,37536,Chennai
C0114,P0772,H010,D046,DIA_ACUTE1,Acute,PROC16,23649,24034,16,7,47,2024-12-27,19276764544942,CLM10113,PAT20113,HSP292,DOC6058,D004,T400,2025-03-18,2022-11-21,8307,16082,Mumbai
C0115,P0156,H016,D019,DIA_MINOR1,Minor,PROC12,16256,13493,7,8,68,2024-10-23,35186847200324,CLM10114,PAT20114,HSP638,DOC7959,D005,T100,2023-02-05,2024-01-13,9680,20714,Mumbai
C0116,P0109,H007,D015,DIA_ACUTE1,Acute,PROC04,14965,15088,3,1,59,2024-05-09,94399707180745,CLM10115,PAT20115,HSP801,DOC7269,D002,T300,2022-10-17,2024-03-02,14188,27870,Chennai
C0117,P0466,H007,D049,DIA_ACUTE2,Acute,PROC14,38838,41534,7,1,48,2024-05-26,77402685746775,CLM10116,PAT20116,HSP722,DOC1744,D004,T200,2023-11-14,2023-11-07,46820,22473,Mumbai
C0118,P0243,H017,D017,DIA_ACUTE2,Acute,PROC10,24852,24391,2,10,79,2024-12-15,54818606047147,CLM10117,PAT20117,HSP205,DOC6975,D002,T200,2024-09-30,2023-08-26,4782,40181,Chennai
C0119,P0368,H017,D021,DIA_MINOR1,Minor,PROC01,47736,46994,6,2,34,2024-06-15,78957081160287,CLM10118,PAT20118,HSP990,DOC3926,D001,T500,2024-03-31,2023-12-11,34994,32504,Bangalore
C0120,P0444,H006,D026,DIA_MINOR1,Minor,PROC13,36108,34183,24,0,78,2024-08-01,59000923047132,CLM10119,PAT20119,HSP769,DOC3471,D003,T200,2025-05-06,2025-07-25,35134,20697,Mumbai
C0121,P0515,H010,D047,DIA_DIAL,Chronic,PROC17,40154,39383,2,6,71,2024-06-17,59045427260624,CLM10120,PAT20120,HSP256,DOC2960,D002,T200,2023-07-19,2024-08-05,13200,37456,Bangalore
C0122,P0401,H020,D044,DIA_ACUTE1,Acute,PROC17,44399,41837,5,8,78,2024-05-04,43088389407448,CLM10121,PAT20121,HSP665,DOC9248,D004,T300,2024-04-29,2022-06-04,8261,37266,Mumbai
C0123,P0376,H009,D022,DIA_ACUTE2,Acute,PROC06,48143,46062,2,3,70,2024-09-28,98286261269258,CLM10122,PAT20122,HSP601,DOC6895,D004,T400,2022-02-10,2023-12-05,17687,9398,Hyderabad
C0124,P0510,H020,D047,DIA_ACUTE2,Acute,PROC13,14867,13844,3,1,59,2024-12-28,61812223094834,CLM10123,PAT20123,HSP806,DOC2721,D005,T500,2022-08-29,2022-07-27,24613,38313,Hyderabad
C0125,P0677,H002,D047,DIA_ACUTE1,Acute,PROC16,45213,45633,2,7,77,2024-10-22,24355475330969,CLM10124,PAT20124,HSP651,DOC6772,D003,T100,2022-08-01,2024-10-22,1500,1220,Hyderabad
C0126,P0379,H011,D047,DIA_DIAL,Chronic,PROC13,45686,45861,2,0,20,2024-10-02,92634082954274,CLM10125,PAT20125,HSP320,DOC4746,D004,T200,2023-01-03,2023-03-13,36927,4491,Kolkata
C0127,P0101,H007,D027,DIA_CAN,Chronic,PROC13,37110,37708,3,2,24,2024-08-31,73692424270721,CLM10126,PAT20126,HSP857,DOC3907,D003,T100,2023-09-05,2024-07-27,33652,23960,Bangalore
C0128,P0675,H020,D004,DIA_MINOR2,Minor,PROC18,18494,18279,7,3,48,2024-12-01,57093553879290,CLM10127,PAT20127,HSP264,DOC6600,D004,T300,2023-07-04,2025-04-28,1089,38688,Delhi
C0129,P0245,H010,D019,DIA_ACUTE2,Acute,PROC14,35907,35655,5,4,62,2024-04-25,45336524892603,CLM10128,PAT20128,HSP257,DOC6181,D001,T300,2023-05-04,2022-08-14,33565,17390,Kolkata
C0130,P0438,H010,D028,DIA_MINOR2,Minor,PROC06,11314,12961,6,1,45,2024-05-10,91071392404444,CLM10129,PAT20129,HSP179,DOC4702,D002,T100,2025-11-13,2025-06-09,13714,39593,Kolkata
C0131,P0666,H007,D044,DIA_CAN,Chronic,PROC16,42196,40378,3,8,69,2024-11-25,47467645590258,CLM10130,PAT20130,HSP425,DOC9315,D001,T100,2024-06-07,2024-06-17,43428,10489,Bangalore
C0132,P0410,H009,D044,DIA_MINOR1,Minor,PROC04,19124,19693,5,3,34,2024-06-01,76750348009446,CLM10131,PAT20131,HSP584,DOC6860,D005,T300,2024-03-17,2022-06-30,3565,14382,Mumbai
C0133,P0450,H006,D030,DIA_DIAL,Chronic,PROC08,30833,30636,2,10,31,2024-06-20,36269355475217,CLM10132,PAT20132,HSP621,DOC2454,D005,T500,2022-11-05,2024-08-22,30560,33117,Bangalore
C0134,P0402,H010,D036,DIA_ACUTE1,Acute,PROC14,42280,43816,3,7,49,2024-06-27,24616121427743,CLM10133,PAT20133,HSP925,DOC3105,D004,T300,2023-04-09,2022-12-27,6256,24144,Kolkata
C0135,P0782,H018,D040,DIA_MINOR1,Minor,PROC16,42847,40273,3,5,28,2024-08-17,53377361296900,CLM10134,PAT20134,HSP896,DOC3358,D002,T400,2024-08-25,2022-06-13,44211,15973,Bangalore
C0136,P0195,H006,D009,DIA_ACUTE2,Acute,PROC13,13015,15888,7,3,42,2024-08-29,54533858054516,CLM10135,PAT20135,HSP801,DOC2688,D005,T400,2025-09-23,2023-02-01,11839,11322,Mumbai
C0137,P0673,H017,D001,DIA_DIAL,Chronic,PROC15,39083,78166,2,1,49,2024-02-23,95092664357853,CLM10136,PAT20136,HSP171,DOC1402,D003,T500,2024-04-30,2023-01-09,18617,36998,Delhi
C0138,P0176,H012,D036,DIA_MINOR1,Minor,PROC04,35708,38110,5,5,76,2024-02-05,53711305170051,CLM10137,PAT20137,HSP236,DOC9290,D005,T100,2022-04-11,2024-02-08,5278,31232,Hyderabad
C0139,P0211,H012,D035,DIA_ACUTE2,Acute,PROC15,9079,8295,6,6,33,2024-03-20,54400549622763,CLM10138,PAT20138,HSP155,DOC3666,D003,T200,2025-03-03,2022-04-02,8522,10242,Bangalore
C0140,P0421,H012,D044,DIA_MINOR2,Minor,PROC11,24828,26953,2,4,18,2024-02-28,53525732994809,CLM10139,PAT20139,HSP952,DOC3196,D001,T400,2024-05-17,2022-03-26,45427,5520,Delhi
C0141,P0575,H016,D001,DIA_DIAL,Chronic,PROC15,8611,5646,2,10,56,2024-10-12,99166335345506,CLM10140,PAT20140,HSP279,DOC8290,D002,T100,2023-09-13,2022-01-12,35057,39271,Chennai
C0142,P0611,H017,D004,DIA_CAN,Chronic,PROC04,20912,21135,2,8,57,2024-01-19,22086296105957,CLM10141,PAT20141,HSP498,DOC4871,D004,T500,2023-12-04,2023-05-07,45104,31404,Hyderabad
C0143,P0485,H013,D038,DIA_ACUTE1,Acute,PROC06,29847,32711,5,10,25,2024-08-05,40128169595495,CLM10142,PAT20142,HSP314,DOC7126,D005,T300,2024-12-14,2025-06-18,16439,13043,Bangalore
C0144,P0568,H005,D028,DIA_DIAL,Chronic,PROC20,34334,33624,3,6,20,2024-05-03,44777882896442,CLM10143,PAT20143,HSP800,DOC5738,D002,T300,2023-02-27,2023-03-02,2550,27782,Hyderabad
C0145,P0130,H017,D006,DIA_MINOR1,Minor,PROC11,41197,41793,7,10,50,2024-11-02,31212576404108,CLM10144,PAT20144,HSP461,DOC3810,D005,T200,2022-02-21,2025-05-15,19069,42216,Delhi
C0146,P0695,H006,D012,DIA_DIAL,Chronic,PROC14,15699,14389,1,1,39,2024-09-12,50757230728032,CLM10145,PAT20145,HSP608,DOC2065,D003,T400,2024-04-17,2023-11-10,17337,38864,Delhi
C0147,P0791,H010,D002,DIA_MINOR2,Minor,PROC14,8619,8526,7,1,76,2024-09-21,49613786671675,CLM10146,PAT20146,HSP937,DOC7037,D001,T500,2025-05-04,2025-09-17,30610,34338,Kolkata
C0148,P0561,H001,D049,DIA_MINOR2,Minor,PROC19,25578,25166,7,1,36,2024-02-10,63667561084431,CLM10147,PAT20147,HSP260,DOC9671,D005,T500,2025-06-30,2023-03-24,39268,1666,Kolkata
C0149,P0487,H006,D025,DIA_ACUTE1,Acute,PROC06,15525,62100,4,5,80,2024-11-07,96426987799769,CLM10148,PAT20148,HSP319,DOC9370,D005,T400,2025-01-10,2022-02-08,7997,24104,Hyderabad
C0150,P0243,H019,D001,DIA_CAN,Chronic,PROC04,8615,9740,2,6,77,2024-01-07,67098931555241,CLM10149,PAT20149,HSP505,DOC8834,D002,T500,2025-01-07,2022-07-26,36263,9467,Kolkata
C0151,P0333,H017,D048,DIA_ACUTE1,Acute,PROC02,20743,20928,3,9,25,2024-08-26,29530787462656,CLM10150,PAT20150,HSP209,DOC4362,D005,T300,2024-05-24,2022-02-16,38992,43031,Bangalore
C0152,P0101,H003,D024,DIA_DIAL,Chronic,PROC02,17765,71060,2,5,72,2024-10-12,89972383343508,CLM10151,PAT20151,HSP458,DOC2356,D004,T500,2022-05-21,2022-08-04,3588,42694,Hyderabad
C0153,P0580,H007,D003,DIA_MINOR1,Minor,PROC10,29165,26453,5,2,60,2024-06-16,35494256955647,CLM10152,PAT20152,HSP762,DOC9914,D002,T500,2025-04-17,2024-05-25,10493,38025,Delhi
C0154,P0307,H011,D023,DIA_MINOR2,Minor,PROC17,37426,34468,4,8,67,2024-08-30,74025214915306,CLM10153,PAT20153,HSP674,DOC9099,D002,T300,2023-06-28,2025-04-12,30814,36065,Kolkata
C0155,P0143,H015,D018,DIA_MINOR2,Minor,PROC12,18355,15561,5,0,78,2024-07-30,51530956678245,CLM10154,PAT20154,HSP225,DOC5272,D001,T400,2022-06-12,2022-01-07,44412,35057,Hyderabad
C0156,P0318,H013,D022,DIA_DIAL,Chronic,PROC13,42032,43172,2,5,36,2024-12-08,72403614115822,CLM10155,PAT20155,HSP335,DOC1146,D004,T500,2025-01-24,2023-04-11,30630,31553,Mumbai
C0157,P0060,H019,D007,DIA_MINOR2,Minor,PROC19,27222,29249,6,2,42,2024-12-24,84396032422760,CLM10156,PAT20156,HSP648,DOC9794,D003,T300,2023-03-26,2022-08-19,7542,39274,Delhi
C0158,P0109,H015,D033,DIA_DIAL,Chronic,PROC05,17845,15948,3,8,69,2024-09-23,28322381374675,CLM10157,PAT20157,HSP968,DOC8095,D002,T400,2024-06-11,2025-04-05,33060,6948,Mumbai
C0159,P0473,H005,D036,DIA_MINOR1,Minor,PROC14,46017,47273,3,10,41,2024-02-05,47020708989858,CLM10158,PAT20158,HSP760,DOC1142,D004,T500,2024-02-12,2024-02-14,22893,3685,Chennai
C0160,P0120,H020,D028,DIA_CAN,Chronic,PROC10,18972,18705,1,2,22,2024-11-29,45422661932113,CLM10159,PAT20159,HSP394,DOC9508,D002,T100,2022-11-14,2022-03-04,18610,38988,Delhi
C0161,P0139,H014,D039,DIA_MINOR2,Minor,PROC18,11567,11858,4,0,32,2024-09-09,74273995386064,CLM10160,PAT20160,HSP417,DOC8743,D002,T300,2022-05-10,2024-03-08,40504,29654,Delhi
C0162,P0402,H017,D018,DIA_MINOR2,Minor,PROC11,25434,50868,6,6,71,2024-09-11,31612768025415,CLM10161,PAT20161,HSP308,DOC2689,D004,T200,2023-11-25,2024-08-23,29798,1263,Mumbai
C0163,P0558,H020,D024,DIA_CAN,Chronic,PROC10,31522,34315,1,3,40,2024-03-28,69810973811225,CLM10162,PAT20162,HSP452,DOC7245,D005,T500,2025-06-18,2024-04-12,26223,28495,Hyderabad
C0164,P0606,H003,D035,DIA_ACUTE1,Acute,PROC05,48184,45908,4,5,51,2024-01-19,29040729878306,CLM10163,PAT20163,HSP338,DOC1309,D002,T100,2024-04-06,2023-01-18,34132,35975,Mumbai
C0165,P0247,H005,D004,DIA_MINOR2,Minor,PROC05,36099,34355,2,0,20,2024-09-23,32676149692605,CLM10164,PAT20164,HSP992,DOC6101,D002,T200,2024-07-07,2023-04-29,43018,21127,Bangalore
C0166,P0429,H013,D028,DIA_MINOR1,Minor,PROC17,28148,25259,5,1,33,2024-08-15,39671395207557,CLM10165,PAT20165,HSP982,DOC2424,D004,T200,2025-01-24,2022-06-02,48796,40274,Bangalore
C0167,P0425,H017,D017,DIA_MINOR2,Minor,PROC20,40490,41359,4,2,57,2024-07-29,99152045835221,CLM10166,PAT20166,HSP668,DOC3100,D004,T300,2023-05-15,2023-02-14,28421,4811,Mumbai
C0168,P0693,H017,D005,DIA_CAN,Chronic,PROC06,33912,35434,2,7,78,2024-08-11,31743642558051,CLM10167,PAT20167,HSP123,DOC3867,D003,T100,2022-05-02,2022-11-30,4649,14639,Chennai
C0169,P0136,H003,D023,DIA_CAN,Chronic,PROC11,28141,25710,1,1,64,2024-12-13,79295857561429,CLM10168,PAT20168,HSP512,DOC2238,D003,T300,2022-06-18,2023-12-09,46938,20699,Kolkata
C0170,P0308,H010,D023,DIA_MINOR2,Minor,PROC08,22199,21154,5,7,24,2024-03-06,55789075044657,CLM10169,PAT20169,HSP694,DOC5459,D005,T500,2025-08-03,2022-12-07,34468,40900,Hyderabad
C0171,P0720,H019,D049,DIA_CAN,Chronic,PROC03,46159,48384,2,3,34,2024-07-24,46300497082683,CLM10170,PAT20170,HSP339,DOC9890,D005,T400,2024-05-18,2023-07-13,1409,17957,Kolkata
C0172,P0778,H006,D030,DIA_ACUTE1,Acute,PROC10,27161,54322,5,7,66,2024-08-23,33212597106527,CLM10171,PAT20171,HSP737,DOC1475,D002,T200,2025-12-02,2023-12-04,37680,10273,Hyderabad
C0173,P0042,H014,D038,DIA_DIAL,Chronic,PROC11,37448,36691,2,1,56,2024-09-20,77693571930017,CLM10172,PAT20172,HSP454,DOC8056,D005,T400,2023-07-16,2022-10-31,32994,36773,Bangalore
C0174,P0118,H011,D022,DIA_CAN,Chronic,PROC08,20885,21356,21,8,37,2024-10-17,41363275226338,CLM10173,PAT20173,HSP407,DOC9427,D001,T400,2023-05-10,2025-03-13,25913,38959,Delhi
C0175,P0299,H008,D040,DIA_ACUTE1,Acute,PROC11,27825,29794,5,2,18,2024-07-31,33025071974306,CLM10174,PAT20174,HSP612,DOC1733,D001,T300,2024-01-23,2023-03-02,24162,29315,Chennai
C0176,P0522,H007,D012,DIA_MINOR1,Minor,PROC18,38192,40211,2,4,38,2024-05-28,91103289226374,CLM10175,PAT20175,HSP191,DOC2516,D002,T300,2024-02-21,2024-09-12,15425,34353,Chennai
C0177,P0371,H003,D019,DIA_MINOR1,Minor,PROC17,37064,34468,4,0,54,2024-06-09,96680943889881,CLM10176,PAT20176,HSP774,DOC4165,D005,T300,2025-08-13,2023-07-02,45341,9190,Chennai
C0178,P0530,H016,D007,DIA_MINOR2,Minor,PROC09,25555,24719,3,5,58,2024-07-14,85859785245154,CLM10177,PAT20177,HSP227,DOC4547,D003,T300,2024-05-14,2022-05-09,43080,26957,Hyderabad
C0179,P0002,H002,D024,DIA_ACUTE1,Acute,PROC12,18012,19053,7,6,53,2024-05-09,19732419376373,CLM10178,PAT20178,HSP143,DOC8652,D002,T200,2025-08-03,2025-12-06,14136,38131,Mumbai
C0180,P0069,H016,D007,DIA_MINOR1,Minor,PROC10,18455,17381,5,8,34,2024-08-12,71370886104689,CLM10179,PAT20179,HSP933,DOC2851,D001,T200,2024-11-25,2023-10-09,2835,35279,Chennai
C0181,P0117,H016,D050,DIA_ACUTE2,Acute,PROC06,20032,19736,4,6,35,2024-07-19,88918154789210,CLM10180,PAT20180,HSP814,DOC2126,D001,T300,2022-09-29,2022-08-27,46016,10152,Kolkata
C0182,P0406,H008,D019,DIA_MINOR1,Minor,PROC11,40516,81032,6,8,31,2024-02-03,71195874630186,CLM10181,PAT20181,HSP379,DOC7081,D003,T400,2025-10-14,2022-03-06,33775,26739,Kolkata
C0183,P0327,H013,D028,DIA_CAN,Chronic,PROC20,35742,36568,3,1,58,2024-03-25,95703049538309,CLM10182,PAT20182,HSP121,DOC8514,D004,T200,2023-04-02,2023-05-08,41602,10355,Bangalore
C0184,P0125,H011,D016,DIA_MINOR1,Minor,PROC15,19773,18881,3,3,75,2024-08-22,33509545804679,CLM10183,PAT20183,HSP143,DOC8752,D002,T500,2023-11-26,2024-03-30,4393,16760,Kolkata
C0185,P0323,H005,D025,DIA_ACUTE1,Acute,PROC18,48196,48167,6,2,22,2024-08-19,58384538091430,CLM10184,PAT20184,HSP740,DOC5936,D005,T300,2022-12-22,2025-05-02,21493,12421,Bangalore
C0186,P0043,H020,D040,DIA_CAN,Chronic,PROC03,48550,47193,25,9,73,2024-08-25,15317575758168,CLM10185,PAT20185,HSP203,DOC6777,D004,T100,2024-02-14,2022-09-25,47186,9135,Delhi
C0187,P0761,H006,D040,DIA_ACUTE2,Acute,PROC19,35986,34603,4,10,32,2024-06-02,59843344500767,CLM10186,PAT20186,HSP346,DOC8263,D004,T300,2025-06-16,2024-08-30,48942,12942,Delhi
C0188,P0082,H015,D040,DIA_DIAL,Chronic,PROC19,31072,28748,3,1,68,2024-04-23,45185854780736,CLM10187,PAT20187,HSP675,DOC2320,D005,T200,2022-08-04,2025-07-27,43564,40249,Delhi
C0189,P0629,H003,D014,DIA_MINOR2,Minor,PROC11,38538,40634,2,1,39,2024-05-12,96307412578214,CLM10188,PAT20188,HSP588,DOC9713,D003,T400,2023-05-26,2022-12-03,1040,4951,Delhi
C0190,P0265,H008,D022,DIA_MINOR1,Minor,PROC11,39456,39817,7,3,20,2024-09-27,78074049898020,CLM10189,PAT20189,HSP631,DOC2138,D004,T100,2022-03-20,2023-03-19,41026,17672,Bangalore
C0191,P0317,H007,D037,DIA_MINOR2,Minor,PROC11,24151,25314,3,7,63,2024-08-09,44914600685281,CLM10190,PAT20190,HSP464,DOC2639,D002,T100,2024-03-16,2026-01-09,14409,20843,Mumbai
C0192,P0667,H011,D001,DIA_ACUTE2,Acute,PROC12,31170,31522,3,0,49,2024-04-14,56114262161462,CLM10191,PAT20191,HSP848,DOC2448,D001,T400,2023-03-28,2025-12-10,1640,2501,Chennai
C0193,P0658,H011,D042,DIA_DIAL,Chronic,PROC14,30450,32894,3,7,55,2024-08-27,82018625704135,CLM10192,PAT20192,HSP470,DOC1866,D003,T500,2025-03-19,2025-01-31,12292,10186,Bangalore
C0194,P0780,H002,D024,DIA_ACUTE2,Acute,PROC18,18720,19231,2,5,63,2024-06-14,93614074926305,CLM10193,PAT20193,HSP995,DOC8973,D004,T500,2025-03-19,2024-02-29,42101,6813,Chennai
C0195,P0220,H017,D006,DIA_CAN,Chronic,PROC16,20193,19608,3,9,65,2024-10-19,22492902358881,CLM10194,PAT20194,HSP762,DOC6916,D004,T200,2024-06-29,2022-02-07,41380,26902,Delhi
C0196,P0403,H006,D030,DIA_ACUTE2,Acute,PROC13,48485,46617,5,9,24,2024-10-04,72021438907383,CLM10195,PAT20195,HSP317,DOC8149,D004,T400,2024-01-26,2022-05-10,25976,33194,Delhi
C0197,P0778,H001,D035,DIA_DIAL,Chronic,PROC19,21713,19911,21,3,29,2024-03-01,27512133371870,CLM10196,PAT20196,HSP579,DOC7823,D001,T200,2024-02-23,2024-04-20,49885,5041,Kolkata
C0198,P0390,H005,D022,DIA_ACUTE2,Acute,PROC02,36313,36874,21,7,58,2024-03-17,95243381049904,CLM10197,PAT20197,HSP461,DOC8268,D004,T100,2023-06-26,2023-08-24,34329,7742,Hyderabad
C0199,P0216,H002,D043,DIA_MINOR1,Minor,PROC04,16332,15600,3,2,53,2024-09-16,31518468632554,CLM10198,PAT20198,HSP132,DOC7769,D001,T500,2024-07-08,2024-04-15,1693,2743,Delhi
C0200,P0278,H013,D029,DIA_CAN,Chronic,PROC04,42626,45069,2,4,66,2024-07-23,98673144627609,CLM10199,PAT20199,HSP815,DOC7671,D004,T500,2024-02-25,2024-06-11,14552,33250,Mumbai
C0201,P0408,H003,D032,DIA_ACUTE1,Acute,PROC07,14356,28712,6,6,46,2024-12-16,48696203987802,CLM10200,PAT20200,HSP680,DOC5391,D004,T200,2022-02-10,2025-10-23,41264,10931,Kolkata
C0202,P0321,H017,D001,DIA_DIAL,Chronic,PROC07,28437,28347,3,10,32,2024-10-19,31384727375837,CLM10201,PAT20201,HSP542,DOC3070,D002,T400,2022-11-01,2022-10-06,24555,28491,Hyderabad
C0203,P0236,H006,D010,DIA_ACUTE2,Acute,PROC04,25398,25177,4,1,37,2024-04-14,19463737100631,CLM10202,PAT20202,HSP425,DOC8260,D005,T500,2024-05-05,2022-07-25,34851,30383,Bangalore
C0204,P0724,H010,D019,DIA_MINOR2,Minor,PROC16,23429,20928,3,0,25,2024-07-21,88520026319215,CLM10203,PAT20203,HSP653,DOC3748,D002,T100,2023-01-28,2025-02-22,45025,38944,Kolkata
C0205,P0330,H006,D027,DIA_ACUTE1,Acute,PROC11,34647,35571,4,5,18,2024-01-25,42026757141567,CLM10204,PAT20204,HSP719,DOC7076,D001,T400,2023-02-01,2025-06-06,44059,14930,Mumbai
C0206,P0788,H014,D018,DIA_CAN,Chronic,PROC03,12571,13883,24,7,48,2024-09-09,89141547300460,CLM10205,PAT20205,HSP778,DOC1001,D004,T400,2022-01-30,2023-08-10,19487,26121,Mumbai
C0207,P0381,H003,D027,DIA_MINOR1,Minor,PROC12,15611,17975,7,5,20,2024-09-10,59834709040137,CLM10206,PAT20206,HSP307,DOC1487,D005,T300,2024-08-10,2024-11-23,9517,15022,Chennai
C0208,P0389,H016,D020,DIA_CAN,Chronic,PROC02,22362,22341,3,7,71,2024-06-11,40162597540324,CLM10207,PAT20207,HSP886,DOC2806,D005,T400,2024-01-06,2022-10-31,11420,3665,Hyderabad
C0209,P0462,H016,D015,DIA_MINOR2,Minor,PROC04,49108,47187,7,4,36,2024-05-12,60015858284448,CLM10208,PAT20208,HSP393,DOC8154,D002,T500,2024-11-08,2023-03-20,41748,24819,Kolkata
C0210,P0769,H018,D015,DIA_MINOR2,Minor,PROC14,47045,47352,3,3,42,2024-05-05,75131565800920,CLM10209,PAT20209,HSP750,DOC5852,D003,T400,2023-08-10,2023-02-01,35618,5845,Bangalore
C0211,P0468,H018,D026,DIA_ACUTE1,Acute,PROC20,23494,23692,15,7,78,2024-03-24,23605391072370,CLM10210,PAT20210,HSP510,DOC5202,D003,T400,2023-04-24,2025-07-23,39334,10877,Hyderabad
C0212,P0112,H005,D003,DIA_ACUTE2,Acute,PROC06,47492,44664,7,3,76,2024-08-28,11987942833224,CLM10211,PAT20211,HSP392,DOC1779,D003,T400,2025-07-13,2024-01-16,45665,37846,Delhi
C0213,P0150,H001,D001,DIA_CAN,Chronic,PROC18,49101,46736,3,10,27,2024-11-25,17682479041991,CLM10212,PAT20212,HSP283,DOC3737,D003,T500,2023-06-21,2024-04-27,6606,17220,Hyderabad
C0214,P0334,H003,D015,DIA_MINOR2,Minor,PROC18,11900,23800,9,10,41,2024-05-17,29831168940899,CLM10213,PAT20213,HSP272,DOC7231,D003,T400,2024-11-26,2025-04-13,31557,38276,Bangalore
C0215,P0002,H004,D026,DIA_MINOR1,Minor,PROC04,35784,34557,2,3,79,2024-03-10,55861088270120,CLM10214,PAT20214,HSP240,DOC9997,D003,T200,2022-02-16,2022-08-23,14472,2250,Hyderabad
C0216,P0086,H004,D046,DIA_CAN,Chronic,PROC09,42547,43433,1,8,66,2024-12-16,65375101229185,CLM10215,PAT20215,HSP736,DOC4606,D004,T200,2024-08-30,2024-12-26,39430,5771,Delhi
C0217,P0170,H005,D027,DIA_MINOR1,Minor,PROC20,20347,21856,4,10,49,2024-11-22,98668194635654,CLM10216,PAT20216,HSP629,DOC4219,D001,T100,2025-11-16,2025-08-03,17937,29367,Mumbai
C0218,P0192,H010,D008,DIA_MINOR2,Minor,PROC05,27923,30707,5,2,59,2024-02-19,74062446560265,CLM10217,PAT20217,HSP758,DOC4759,D005,T500,2022-03-06,2024-10-31,21428,15992,Chennai
C0219,P0749,H019,D040,DIA_MINOR1,Minor,PROC05,48689,51327,4,2,53,2024-07-08,16902074187383,CLM10218,PAT20218,HSP372,DOC8865,D005,T100,2025-01-06,2024-01-21,27292,36145,Chennai
C0220,P0338,H004,D017,DIA_MINOR1,Minor,PROC13,26509,24297,2,7,73,2024-06-30,33428270126233,CLM10219,PAT20219,HSP921,DOC7252,D005,T200,2025-12-12,2022-07-12,7073,35362,Hyderabad
C0221,P0154,H011,D033,DIA_DIAL,Chronic,PROC18,15388,18363,3,4,45,2024-10-22,13759024559988,CLM10220,PAT20220,HSP366,DOC7224,D004,T400,2024-09-23,2025-02-13,40339,12106,Bangalore
C0222,P0125,H004,D014,DIA_ACUTE1,Acute,PROC19,42463,45145,5,0,25,2024-11-02,83943290353334,CLM10221,PAT20221,HSP641,DOC8816,D003,T100,2025-12-23,2022-01-15,2134,1826,Chennai
C0223,P0030,H011,D026,DIA_CAN,Chronic,PROC19,8136,11064,3,4,36,2024-11-27,22111231813716,CLM10222,PAT20222,HSP315,DOC9088,D005,T500,2024-06-28,2024-07-09,1769,20754,Mumbai
C0224,P0559,H004,D035,DIA_DIAL,Chronic,PROC18,15744,16652,2,1,37,2024-08-01,35113643542705,CLM10223,PAT20223,HSP482,DOC7519,D002,T300,2023-12-24,2024-07-01,1858,41997,Chennai
C0225,P0223,H009,D021,DIA_ACUTE1,Acute,PROC15,30931,32110,4,1,51,2024-02-18,74949244969274,CLM10224,PAT20224,HSP545,DOC4162,D003,T200,2025-04-02,2022-12-02,11860,18774,Mumbai
C0226,P0053,H003,D045,DIA_MINOR1,Minor,PROC09,31619,33043,4,7,69,2024-01-31,43799354399642,CLM10225,PAT20225,HSP159,DOC2907,D004,T500,2025-04-24,2025-05-23,27195,20528,Delhi
C0227,P0768,H015,D018,DIA_CAN,Chronic,PROC09,8196,6641,2,8,58,2024-06-01,86604705317634,CLM10226,PAT20226,HSP121,DOC3855,D004,T400,2022-06-04,2025-09-04,12948,35875,Kolkata
C0228,P0373,H017,D024,DIA_ACUTE1,Acute,PROC13,24509,26746,7,2,72,2024-12-15,80829372506929,CLM10227,PAT20227,HSP369,DOC4539,D001,T200,2024-02-10,2022-06-20,16668,41725,Bangalore
C0229,P0581,H019,D023,DIA_ACUTE2,Acute,PROC09,19980,20006,5,0,43,2024-04-20,22669373235553,CLM10228,PAT20228,HSP530,DOC2523,D005,T200,2022-09-08,2022-12-24,22503,18642,Mumbai
C0230,P0119,H004,D041,DIA_ACUTE1,Acute,PROC04,13552,12230,5,4,73,2024-11-04,86465660323520,CLM10229,PAT20229,HSP297,DOC6333,D003,T500,2024-02-21,2024-01-01,40887,2221,Mumbai
C0231,P0709,H016,D016,DIA_CAN,Chronic,PROC09,34288,33650,1,7,79,2024-09-14,51255396837998,CLM10230,PAT20230,HSP204,DOC4980,D003,T300,2023-05-25,2023-07-03,36466,16533,Mumbai
C0232,P0737,H013,D024,DIA_ACUTE1,Acute,PROC18,43926,45877,6,3,41,2024-11-20,71656637485851,CLM10231,PAT20231,HSP725,DOC8690,D002,T300,2023-11-19,2023-08-10,36126,39858,Delhi
C0233,P0368,H002,D050,DIA_ACUTE1,Acute,PROC11,19299,21932,3,2,77,2024-04-09,22783482162483,CLM10232,PAT20232,HSP638,DOC8347,D002,T100,2024-11-20,2024-07-20,6060,5024,Kolkata
C0234,P0117,H007,D041,DIA_DIAL,Chronic,PROC10,35159,36800,2,5,40,2024-10-03,14857655297726,CLM10233,PAT20233,HSP729,DOC2450,D004,T200,2025-04-06,2024-05-31,41358,42746,Bangalore
C0235,P0147,H016,D047,DIA_CAN,Chronic,PROC20,23531,21704,1,10,63,2024-07-18,91607717996553,CLM10234,PAT20234,HSP325,DOC5665,D001,T400,2023-02-03,2022-05-18,24988,37247,Mumbai
C0236,P0176,H015,D032,DIA_DIAL,Chronic,PROC08,37114,39763,1,1,57,2024-05-19,79978913825837,CLM10235,PAT20235,HSP488,DOC1082,D003,T400,2025-07-08,2022-02-19,19187,11872,Chennai
C0237,P0589,H017,D015,DIA_CAN,Chronic,PROC03,8213,16426,6,5,77,2024-08-13,65090130164386,CLM10236,PAT20236,HSP451,DOC6079,D004,T300,2024-09-24,2022-02-22,14526,8941,Chennai
C0238,P0071,H014,D044,DIA_MINOR2,Minor,PROC17,38250,114750,5,9,28,2024-10-13,43760162270305,CLM10237,PAT20237,HSP401,DOC5492,D005,T300,2024-11-12,2022-07-05,25647,7669,Bangalore
C0239,P0439,H001,D044,DIA_MINOR2,Minor,PROC17,23377,22591,2,8,69,2024-06-11,86226598664187,CLM10238,PAT20238,HSP316,DOC7286,D001,T200,2024-11-18,2023-04-09,21885,14472,Bangalore
C0240,P0739,H014,D005,DIA_MINOR1,Minor,PROC18,9788,6951,2,6,78,2024-09-17,42791996193460,CLM10239,PAT20239,HSP300,DOC8840,D001,T500,2024-11-01,2022-10-27,7111,22940,Chennai
C0241,P0026,H008,D037,DIA_MINOR1,Minor,PROC07,32508,34279,4,9,28,2024-04-16,94404873920803,CLM10240,PAT20240,HSP362,DOC5024,D004,T200,2024-10-01,2025-02-05,9050,6285,Kolkata
C0242,P0193,H011,D040,DIA_ACUTE1,Acute,PROC19,43328,42828,2,5,76,2024-04-06,96326516101261,CLM10241,PAT20241,HSP849,DOC3102,D005,T300,2023-10-27,2022-08-03,34762,43175,Mumbai
C0243,P0516,H012,D032,DIA_MINOR1,Minor,PROC02,12209,11894,4,8,30,2024-04-10,30213125229151,CLM10242,PAT20242,HSP400,DOC2116,D005,T200,2023-02-13,2025-06-19,12725,31908,Delhi
C0244,P0723,H012,D040,DIA_MINOR2,Minor,PROC18,14976,16712,2,9,28,2024-11-05,92763325380595,CLM10243,PAT20243,HSP972,DOC1711,D002,T500,2022-03-07,2024-03-27,14430,24029,Chennai
C0245,P0497,H003,D001,DIA_MINOR2,Minor,PROC15,35194,35173,2,7,42,2024-03-04,17584541530888,CLM10244,PAT20244,HSP834,DOC6034,D005,T500,2023-03-04,2023-07-07,20648,14580,Bangalore
C0246,P0654,H008,D012,DIA_ACUTE1,Acute,PROC04,10617,10973,4,10,46,2024-05-15,83656777899792,CLM10245,PAT20245,HSP637,DOC1718,D004,T300,2025-05-27,2025-07-12,19192,16900,Bangalore
C0247,P0110,H006,D046,DIA_ACUTE2,Acute,PROC01,9775,7076,5,4,31,2024-10-31,56884874392765,CLM10246,PAT20246,HSP561,DOC3437,D003,T400,2024-01-30,2025-02-22,42551,15887,Chennai
C0248,P0740,H003,D045,DIA_CAN,Chronic,PROC19,33835,36500,2,6,19,2024-10-19,57963869257237,CLM10247,PAT20247,HSP727,DOC2574,D005,T300,2025-01-23,2024-10-19,11913,36511,Kolkata
C0249,P0382,H016,D048,DIA_CAN,Chronic,PROC08,9003,27009,6,8,27,2024-08-19,83245757339206,CLM10248,PAT20248,HSP468,DOC4684,D004,T100,2025-07-06,2024-04-22,35948,25203,Bangalore
C0250,P0467,H016,D028,DIA_ACUTE2,Acute,PROC13,12949,15319,5,4,34,2024-03-03,58924386519252,CLM10249,PAT20249,HSP288,DOC8646,D004,T400,2025-11-12,2022-10-01,16345,17400,Kolkata
C0251,P0240,H015,D009,DIA_ACUTE2,Acute,PROC08,19539,19233,4,7,31,2024-04-19,40565653798076,CLM10250,PAT20250,HSP275,DOC9709,D001,T200,2022-03-03,2024-11-19,31434,5619,Chennai
C0252,P0681,H015,D019,DIA_MINOR2,Minor,PROC12,11787,11216,2,5,58,2024-02-06,30979277990486,CLM10251,PAT20251,HSP882,DOC6828,D003,T500,2022-12-11,2023-06-08,47791,38984,Delhi
C0253,P0417,H002,D036,DIA_DIAL,Chronic,PROC10,25348,27596,3,9,21,2024-03-17,14908087527822,CLM10252,PAT20252,HSP897,DOC1005,D005,T100,2023-04-14,2022-07-11,16293,17671,Mumbai
C0254,P0556,H018,D031,DIA_CAN,Chronic,PROC06,15152,12807,2,0,42,2024-04-08,28676908990018,CLM10253,PAT20253,HSP797,DOC8936,D002,T400,2024-10-13,2023-02-22,14092,29558,Kolkata
C0255,P0568,H014,D024,DIA_ACUTE1,Acute,PROC19,28679,86037,5,0,60,2024-06-01,45218396709497,CLM10254,PAT20254,HSP849,DOC1681,D004,T200,2022-01-11,2023-03-12,26830,9636,Bangalore
C0256,P0587,H014,D049,DIA_MINOR1,Minor,PROC17,47872,47924,7,2,51,2024-09-01,77441674277371,CLM10255,PAT20255,HSP743,DOC3872,D005,T500,2022-12-20,2022-07-23,43846,26067,Delhi
C0257,P0107,H015,D003,DIA_MINOR1,Minor,PROC17,38895,40034,2,3,42,2024-01-22,20717664475373,CLM10256,PAT20256,HSP897,DOC5116,D002,T300,2025-10-28,2024-03-12,3817,26342,Bangalore
C0258,P0630,H014,D031,DIA_MINOR1,Minor,PROC13,20676,18123,7,3,60,2024-09-14,45133384131857,CLM10257,PAT20257,HSP753,DOC1303,D003,T400,2022-12-31,2022-07-17,23205,9670,Hyderabad
C0259,P0666,H014,D010,DIA_ACUTE1,Acute,PROC07,29689,32340,7,0,63,2024-08-30,53083282511555,CLM10258,PAT20258,HSP261,DOC2147,D005,T100,2023-10-14,2024-08-06,46923,35225,Chennai
C0260,P0446,H015,D033,DIA_CAN,Chronic,PROC10,19306,17406,2,4,68,2024-09-10,83840946111795,CLM10259,PAT20259,HSP420,DOC8999,D001,T300,2024-04-24,2023-12-16,14809,37006,Kolkata
C0261,P0752,H001,D035,DIA_MINOR2,Minor,PROC13,37387,35395,6,9,48,2024-05-28,32444507601954,CLM10260,PAT20260,HSP670,DOC9545,D003,T200,2023-03-23,2023-09-21,46720,13363,Delhi
C0262,P0204,H003,D025,DIA_ACUTE2,Acute,PROC10,15927,14451,4,7,69,2024-02-29,93182935173908,CLM10261,PAT20261,HSP301,DOC3754,D004,T400,2022-12-20,2024-07-31,14623,13265,Mumbai
C0263,P0656,H009,D049,DIA_MINOR2,Minor,PROC06,36498,38941,4,6,22,2024-11-06,41503613477623,CLM10262,PAT20262,HSP238,DOC4513,D002,T500,2025-11-04,2025-10-09,12101,6726,Mumbai
C0264,P0419,H007,D019,DIA_DIAL,Chronic,PROC06,19585,22585,2,2,76,2024-09-21,54787048146097,CLM10263,PAT20263,HSP256,DOC8848,D002,T400,2025-05-24,2025-04-14,31462,34678,Hyderabad
C0265,P0035,H020,D007,DIA_MINOR1,Minor,PROC13,18409,16004,7,2,63,2024-11-23,72323566423623,CLM10264,PAT20264,HSP841,DOC4727,D001,T400,2024-07-18,2022-01-21,49948,4999,Bangalore
C0266,P0215,H020,D048,DIA_DIAL,Chronic,PROC19,46122,43253,3,9,60,2024-05-30,69956778118061,CLM10265,PAT20265,HSP552,DOC5677,D004,T100,2023-07-02,2023-10-17,35642,19283,Delhi
C0267,P0407,H020,D014,DIA_DIAL,Chronic,PROC19,13406,40218,8,9,64,2024-11-16,77318946569962,CLM10266,PAT20266,HSP956,DOC1496,D003,T200,2024-09-16,2025-05-24,9874,9494,Kolkata
C0268,P0164,H018,D019,DIA_ACUTE1,Acute,PROC20,37527,35316,3,10,21,2024-11-07,30805520293664,CLM10267,PAT20267,HSP912,DOC6675,D001,T500,2022-05-09,2025-12-29,23061,4775,Hyderabad
C0269,P0311,H005,D030,DIA_ACUTE1,Acute,PROC09,44043,132129,5,3,19,2024-02-17,83370994277772,CLM10268,PAT20268,HSP415,DOC4386,D004,T500,2022-03-28,2025-04-07,30809,10174,Kolkata
C0270,P0358,H011,D020,DIA_CAN,Chronic,PROC04,14516,15500,16,5,63,2024-04-14,32535439117905,CLM10269,PAT20269,HSP279,DOC2171,D003,T300,2022-07-25,2024-01-12,32655,12462,Mumbai
C0271,P0612,H017,D014,DIA_MINOR2,Minor,PROC09,19512,19057,6,0,55,2024-10-28,74025382869023,CLM10270,PAT20270,HSP822,DOC4214,D002,T200,2025-04-01,2024-01-12,10038,31501,Mumbai
C0272,P0769,H017,D042,DIA_CAN,Chronic,PROC06,46349,44792,3,10,34,2024-09-04,94177086484298,CLM10271,PAT20271,HSP505,DOC5886,D001,T500,2023-12-27,2023-01-07,47535,9862,Delhi
C0273,P0097,H019,D046,DIA_DIAL,Chronic,PROC10,21368,23383,1,1,48,2024-10-08,99896513616429,CLM10272,PAT20272,HSP733,DOC1427,D001,T400,2023-01-14,2022-02-01,41835,40983,Bangalore
C0274,P0109,H020,D038,DIA_MINOR1,Minor,PROC07,8407,7796,3,0,31,2024-07-14,86303772771839,CLM10273,PAT20273,HSP589,DOC6467,D003,T300,2023-01-05,2024-05-23,26572,28752,Chennai
C0275,P0390,H015,D007,DIA_DIAL,Chronic,PROC17,35938,107814,5,9,30,2024-07-16,35696714202455,CLM10274,PAT20274,HSP642,DOC6452,D005,T400,2025-11-28,2022-02-14,39502,12421,Delhi
C0276,P0791,H015,D022,DIA_CAN,Chronic,PROC01,40015,40915,1,3,48,2024-05-12,38706766046300,CLM10275,PAT20275,HSP159,DOC2789,D005,T200,2023-01-09,2023-04-20,48858,41587,Mumbai
C0277,P0027,H002,D017,DIA_DIAL,Chronic,PROC18,37074,148296,5,3,62,2024-04-14,58968436433485,CLM10276,PAT20276,HSP315,DOC3105,D002,T100,2025-11-16,2023-02-10,30571,23052,Hyderabad
C0278,P0660,H001,D049,DIA_MINOR1,Minor,PROC14,20290,21548,2,0,54,2024-07-27,33740580269517,CLM10277,PAT20277,HSP637,DOC9103,D005,T500,2025-04-06,2023-07-24,35185,33053,Bangalore
C0279,P0302,H014,D038,DIA_MINOR1,Minor,PROC16,48048,47926,6,7,36,2024-12-29,77132617682843,CLM10278,PAT20278,HSP366,DOC7743,D002,T300,2023-08-25,2023-01-19,13328,8759,Kolkata
C0280,P0628,H013,D004,DIA_ACUTE2,Acute,PROC11,30831,33689,5,10,28,2024-09-15,43657005591342,CLM10279,PAT20279,HSP457,DOC7915,D001,T300,2025-10-17,2022-10-20,31816,9733,Chennai
C0281,P0517,H005,D006,DIA_ACUTE2,Acute,PROC02,27444,26613,7,6,80,2024-11-14,55332536755262,CLM10280,PAT20280,HSP103,DOC8428,D004,T100,2025-03-28,2024-02-27,40839,23955,Chennai
C0282,P0450,H004,D014,DIA_MINOR1,Minor,PROC20,37087,38822,16,5,73,2024-04-21,86875357681505,CLM10281,PAT20281,HSP451,DOC9546,D004,T200,2022-12-18,2025-01-14,30638,37885,Delhi
C0283,P0600,H006,D042,DIA_MINOR1,Minor,PROC05,39773,40226,6,8,45,2024-06-06,44024175555742,CLM10282,PAT20282,HSP525,DOC5762,D003,T200,2024-05-21,2023-07-07,45389,2447,Bangalore
C0284,P0185,H018,D030,DIA_ACUTE1,Acute,PROC14,39934,42704,7,3,61,2024-10-24,71689803625541,CLM10283,PAT20283,HSP101,DOC1455,D005,T100,2022-01-07,2025-10-29,12126,29010,Kolkata
C0285,P0504,H002,D035,DIA_MINOR1,Minor,PROC04,24444,23720,6,5,64,2024-09-14,49125463751646,CLM10284,PAT20284,HSP536,DOC3645,D001,T200,2024-09-17,2023-02-14,16693,17306,Hyderabad
C0286,P0373,H017,D031,DIA_DIAL,Chronic,PROC07,42374,39536,1,9,48,2024-11-26,46892772021856,CLM10285,PAT20285,HSP911,DOC6089,D004,T400,2023-12-27,2022-06-09,12140,40536,Bangalore
C0287,P0319,H018,D047,DIA_CAN,Chronic,PROC10,45197,42213,2,1,79,2024-02-14,32387379065160,CLM10286,PAT20286,HSP165,DOC1444,D002,T300,2024-12-22,2022-10-08,9948,34345,Bangalore
C0288,P0518,H001,D014,DIA_MINOR2,Minor,PROC18,8563,10363,5,8,75,2024-02-27,16874247700978,CLM10287,PAT20287,HSP295,DOC1432,D004,T200,2022-07-15,2025-07-12,2706,30727,Bangalore
C0289,P0201,H012,D013,DIA_DIAL,Chronic,PROC13,41215,42344,3,0,20,2024-07-12,58064950582528,CLM10288,PAT20288,HSP882,DOC2183,D005,T100,2023-04-26,2024-01-06,32554,17278,Kolkata
C0290,P0030,H012,D037,DIA_MINOR1,Minor,PROC15,12762,11187,6,4,19,2024-01-03,81057868422820,CLM10289,PAT20289,HSP364,DOC2395,D002,T200,2023-06-21,2024-09-09,46170,41823,Delhi
C0291,P0780,H004,D015,DIA_ACUTE2,Acute,PROC03,25125,25529,6,7,39,2024-07-17,23402282562488,CLM10290,PAT20290,HSP402,DOC3833,D005,T400,2023-06-20,2024-03-30,31437,3839,Chennai
C0292,P0628,H020,D031,DIA_DIAL,Chronic,PROC09,41912,42457,20,10,64,2024-01-05,85239024025603,CLM10291,PAT20291,HSP659,DOC5239,D002,T500,2023-08-01,2023-03-22,8408,1820,Kolkata
C0293,P0608,H010,D027,DIA_CAN,Chronic,PROC15,11979,11330,20,10,74,2024-11-25,26845242319029,CLM10292,PAT20292,HSP809,DOC1543,D001,T400,2024-04-23,2025-08-07,33058,6699,Chennai
C0294,P0721,H014,D040,DIA_ACUTE1,Acute,PROC01,33413,31877,6,4,54,2024-09-26,32171672887433,CLM10293,PAT20293,HSP325,DOC7015,D001,T500,2024-09-04,2022-01-16,45839,31215,Chennai
C0295,P0254,H008,D014,DIA_MINOR2,Minor,PROC16,9940,8930,7,7,28,2024-10-29,74127314753113,CLM10294,PAT20294,HSP883,DOC6577,D003,T300,2024-09-16,2024-04-07,37165,21844,Hyderabad
C0296,P0433,H005,D006,DIA_MINOR1,Minor,PROC06,9930,10080,7,8,57,2024-12-09,63499380005054,CLM10295,PAT20295,HSP447,DOC6054,D002,T500,2023-01-22,2024-04-18,7573,25243,Delhi
C0297,P0055,H003,D047,DIA_ACUTE2,Acute,PROC13,28650,57300,4,7,73,2024-03-07,17737551497205,CLM10296,PAT20296,HSP891,DOC2578,D005,T100,2023-07-29,2024-08-07,7511,10236,Bangalore
C0298,P0528,H019,D028,DIA_MINOR2,Minor,PROC20,9918,9760,2,5,72,2024-12-26,47705617378499,CLM10297,PAT20297,HSP807,DOC5301,D003,T300,2022-10-12,2025-04-25,25042,43551,Kolkata
C0299,P0734,H001,D019,DIA_ACUTE2,Acute,PROC13,40562,41363,23,3,30,2024-06-13,51746470326412,CLM10298,PAT20298,HSP432,DOC8754,D005,T300,2022-08-05,2025-01-30,1918,44432,Hyderabad
C0300,P0192,H008,D043,DIA_ACUTE2,Acute,PROC16,9606,7289,2,6,29,2024-10-18,35637435021607,CLM10299,PAT20299,HSP341,DOC8458,D002,T400,2023-01-26,2022-11-21,15636,32223,Bangalore
C0301,P0191,H017,D018,DIA_ACUTE2,Acute,PROC13,37957,36053,4,6,60,2024-06-02,92804922428757,CLM10300,PAT20300,HSP960,DOC3374,D001,T100,2022-02-19,2024-05-26,43973,19239,Delhi
C0302,P0356,H012,D022,DIA_DIAL,Chronic,PROC18,40510,42908,3,2,36,2024-12-26,64566706121004,CLM10301,PAT20301,HSP616,DOC1662,D005,T200,2023-03-11,2022-03-24,11601,42513,Hyderabad
C0303,P0436,H004,D032,DIA_MINOR1,Minor,PROC06,36157,36515,2,3,51,2024-11-02,27496294214987,CLM10302,PAT20302,HSP542,DOC9619,D003,T100,2024-08-05,2024-12-28,9394,7166,Kolkata
C0304,P0343,H005,D019,DIA_ACUTE1,Acute,PROC06,18748,19451,4,10,32,2024-03-28,39041965997659,CLM10303,PAT20303,HSP502,DOC7622,D005,T300,2025-04-15,2024-06-25,7127,9289,Hyderabad
C0305,P0758,H001,D039,DIA_CAN,Chronic,PROC20,14974,16384,2,0,30,2024-02-02,45432701740822,CLM10304,PAT20304,HSP953,DOC8057,D004,T200,2022-09-30,2022-05-03,30736,5207,Chennai
C0306,P0757,H008,D030,DIA_MINOR2,Minor,PROC20,8289,8705,5,3,66,2024-07-10,87407093566337,CLM10305,PAT20305,HSP290,DOC9007,D003,T500,2022-10-10,2024-06-17,3758,5526,Chennai
C0307,P0761,H016,D017,DIA_ACUTE2,Acute,PROC07,11307,11948,7,4,49,2024-10-01,85457631114214,CLM10306,PAT20306,HSP917,DOC5412,D002,T400,2023-08-12,2023-05-24,22202,4613,Mumbai
C0308,P0236,H013,D046,DIA_ACUTE2,Acute,PROC07,11021,12980,3,7,32,2024-05-15,27246231242023,CLM10307,PAT20307,HSP223,DOC1271,D003,T500,2023-09-01,2025-08-09,2726,11497,Hyderabad
C0309,P0528,H007,D042,DIA_MINOR2,Minor,PROC19,14712,16648,6,5,26,2024-05-13,76423600924867,CLM10308,PAT20308,HSP278,DOC5191,D002,T500,2025-01-07,2023-06-28,17295,4799,Mumbai
C0310,P0173,H019,D016,DIA_DIAL,Chronic,PROC01,36964,110892,4,8,36,2024-01-17,53741107675412,CLM10309,PAT20309,HSP253,DOC9560,D002,T200,2023-08-28,2025-11-17,32796,34162,Hyderabad
C0311,P0548,H017,D022,DIA_MINOR2,Minor,PROC11,41589,42337,7,3,57,2024-07-29,39846451222832,CLM10310,PAT20310,HSP794,DOC7848,D005,T400,2022-09-02,2024-07-20,34600,39848,Mumbai
C0312,P0773,H002,D012,DIA_MINOR2,Minor,PROC16,33446,34606,4,8,28,2024-10-27,36800729379665,CLM10311,PAT20311,HSP609,DOC9673,D005,T100,2025-05-13,2022-08-07,40609,24970,Delhi
C0313,P0598,H019,D018,DIA_ACUTE2,Acute,PROC11,17636,52908,5,7,64,2024-09-17,48897707164210,CLM10312,PAT20312,HSP402,DOC3949,D005,T100,2025-12-02,2024-04-07,22394,6798,Kolkata
C0314,P0667,H020,D042,DIA_MINOR2,Minor,PROC18,39530,41518,2,10,60,2024-01-15,67361755451534,CLM10313,PAT20313,HSP229,DOC7293,D005,T500,2023-10-21,2022-02-02,37579,42331,Kolkata
C0315,P0109,H009,D014,DIA_MINOR1,Minor,PROC18,12742,13236,5,8,71,2024-01-05,11879334409999,CLM10314,PAT20314,HSP547,DOC7682,D001,T200,2024-04-27,2025-06-29,35690,4374,Bangalore
C0316,P0333,H018,D036,DIA_ACUTE2,Acute,PROC01,41107,41654,7,3,39,2024-10-14,23468673674002,CLM10315,PAT20315,HSP653,DOC3609,D004,T100,2025-04-08,2024-02-10,9034,19314,Kolkata
C0317,P0012,H002,D010,DIA_ACUTE2,Acute,PROC17,19471,22253,5,7,55,2024-04-28,45215277474630,CLM10316,PAT20316,HSP922,DOC2665,D002,T500,2022-10-14,2025-12-25,27737,28806,Kolkata
C0318,P0421,H001,D032,DIA_ACUTE2,Acute,PROC10,18158,15453,3,4,71,2024-02-10,40196951704415,CLM10317,PAT20317,HSP283,DOC8904,D005,T400,2023-10-04,2024-11-27,48470,13944,Mumbai
C0319,P0422,H008,D030,DIA_MINOR1,Minor,PROC20,34758,32491,3,0,79,2024-03-15,20266308590748,CLM10318,PAT20318,HSP131,DOC6919,D004,T400,2025-01-16,2024-06-20,31446,31309,Chennai
C0320,P0741,H019,D029,DIA_ACUTE1,Acute,PROC19,36941,39129,4,3,31,2024-03-03,52621370722702,CLM10319,PAT20319,HSP249,DOC6304,D002,T200,2025-10-16,2025-12-17,33548,12114,Mumbai
C0321,P0700,H014,D047,DIA_ACUTE2,Acute,PROC11,12510,10183,5,5,43,2024-08-05,54161432041642,CLM10320,PAT20320,HSP400,DOC9472,D005,T100,2023-10-11,2025-05-27,9831,40217,Hyderabad
C0322,P0683,H019,D033,DIA_ACUTE2,Acute,PROC05,11467,11697,4,4,51,2024-12-10,94067757854267,CLM10321,PAT20321,HSP961,DOC7933,D005,T500,2022-11-15,2023-03-22,22886,1909,Kolkata
C0323,P0646,H002,D037,DIA_ACUTE2,Acute,PROC07,31729,63458,10,6,32,2024-11-03,72992984242874,CLM10322,PAT20322,HSP174,DOC5009,D003,T400,2022-12-27,2023-06-28,8646,32416,Chennai
C0324,P0641,H006,D041,DIA_MINOR1,Minor,PROC05,13797,15086,7,10,57,2024-03-03,45895376711030,CLM10323,PAT20323,HSP256,DOC1194,D004,T500,2022-05-01,2022-10-14,34799,2877,Bangalore
C0325,P0317,H012,D028,DIA_MINOR1,Minor,PROC20,23936,25397,3,4,63,2024-09-03,59368930144285,CLM10324,PAT20324,HSP303,DOC1718,D005,T100,2025-12-04,2025-09-22,37248,36921,Mumbai
C0326,P0511,H001,D041,DIA_DIAL,Chronic,PROC19,16819,15442,3,7,79,2024-07-04,94503074174480,CLM10325,PAT20325,HSP937,DOC5808,D002,T300,2025-02-04,2022-10-23,22551,879,Chennai
C0327,P0075,H016,D006,DIA_DIAL,Chronic,PROC16,42717,85434,3,9,21,2024-10-03,32465817907035,CLM10326,PAT20326,HSP438,DOC5938,D004,T100,2024-04-01,2024-11-05,44105,24120,Mumbai
C0328,P0032,H015,D006,DIA_CAN,Chronic,PROC17,45022,180088,3,3,18,2024-03-20,81501909653712,CLM10327,PAT20327,HSP687,DOC3949,D005,T500,2024-09-01,2023-11-23,48368,1133,Kolkata
C0329,P0212,H019,D016,DIA_DIAL,Chronic,PROC10,11621,11361,1,0,49,2024-11-05,88541889971682,CLM10328,PAT20328,HSP296,DOC9827,D003,T200,2022-03-18,2024-09-09,36284,29106,Delhi
C0330,P0721,H012,D027,DIA_ACUTE2,Acute,PROC01,23558,94232,3,0,36,2024-08-14,65365090351714,CLM10329,PAT20329,HSP901,DOC4608,D003,T400,2024-12-09,2023-12-08,36515,15693,Delhi
C0331,P0483,H010,D029,DIA_MINOR1,Minor,PROC12,22000,44000,6,8,76,2024-12-04,41157347914104,CLM10330,PAT20330,HSP420,DOC2745,D003,T100,2022-03-25,2022-03-29,21230,32385,Mumbai
C0332,P0520,H001,D007,DIA_MINOR2,Minor,PROC09,37168,37277,2,2,48,2024-11-16,40359289383451,CLM10331,PAT20331,HSP474,DOC1186,D004,T100,2025-10-14,2023-08-23,31411,2844,Hyderabad
C0333,P0333,H005,D027,DIA_DIAL,Chronic,PROC01,40034,37914,1,10,27,2024-12-30,55123128880599,CLM10332,PAT20332,HSP847,DOC8597,D003,T200,2024-09-23,2023-05-11,45560,32960,Kolkata
C0334,P0489,H010,D009,DIA_ACUTE2,Acute,PROC04,10827,8016,4,3,40,2024-12-01,79506776306959,CLM10333,PAT20333,HSP938,DOC9772,D001,T200,2024-03-28,2025-01-08,33876,41729,Chennai
C0335,P0657,H005,D024,DIA_DIAL,Chronic,PROC14,16937,67748,5,1,69,2024-12-29,58375708753646,CLM10334,PAT20334,HSP916,DOC9406,D002,T100,2025-10-06,2025-04-11,19793,29715,Kolkata
C0336,P0120,H005,D038,DIA_ACUTE1,Acute,PROC04,10461,9604,18,2,31,2024-03-30,57045066627456,CLM10335,PAT20335,HSP826,DOC2203,D005,T500,2025-05-28,2025-12-20,9759,31016,Hyderabad
C0337,P0529,H006,D047,DIA_ACUTE2,Acute,PROC10,46610,48724,6,8,36,2024-12-03,86458818187066,CLM10336,PAT20336,HSP383,DOC9492,D001,T500,2023-12-17,2023-12-14,44637,29185,Delhi
C0338,P0547,H016,D013,DIA_ACUTE1,Acute,PROC09,14021,16579,2,2,58,2024-07-07,97939753045937,CLM10337,PAT20337,HSP188,DOC1096,D002,T300,2025-05-25,2025-09-14,21813,14820,Kolkata
C0339,P0529,H017,D013,DIA_CAN,Chronic,PROC20,45396,47891,1,8,58,2024-08-11,16337353150872,CLM10338,PAT20338,HSP163,DOC7633,D005,T100,2024-12-01,2025-02-05,6320,29314,Bangalore
C0340,P0244,H013,D017,DIA_CAN,Chronic,PROC13,32508,30758,1,1,34,2024-03-02,33250082013321,CLM10339,PAT20339,HSP903,DOC1401,D001,T100,2023-05-30,2023-11-13,7428,19162,Bangalore
C0341,P0157,H016,D008,DIA_CAN,Chronic,PROC19,49811,47305,1,2,41,2024-05-11,37017381706713,CLM10340,PAT20340,HSP286,DOC8287,D005,T200,2022-03-12,2024-11-16,31560,3888,Hyderabad
C0342,P0648,H004,D009,DIA_MINOR2,Minor,PROC08,15048,15547,3,10,23,2024-07-19,89065347987699,CLM10341,PAT20341,HSP230,DOC8453,D001,T100,2023-10-31,2025-01-23,20259,11502,Bangalore
C0343,P0357,H014,D004,DIA_DIAL,Chronic,PROC08,10909,10951,3,3,57,2024-07-29,64317995506021,CLM10342,PAT20342,HSP844,DOC9724,D003,T100,2022-02-10,2022-02-05,28901,25496,Delhi
C0344,P0526,H008,D047,DIA_MINOR2,Minor,PROC07,10397,11725,6,8,63,2024-04-30,80985710365435,CLM10343,PAT20343,HSP569,DOC4346,D002,T500,2025-01-02,2023-11-04,40921,24131,Delhi
C0345,P0049,H018,D050,DIA_ACUTE1,Acute,PROC08,15148,15263,24,1,78,2024-09-14,41308284808221,CLM10344,PAT20344,HSP643,DOC6817,D005,T500,2025-08-12,2025-04-25,37485,29950,Bangalore
C0346,P0309,H004,D018,DIA_MINOR2,Minor,PROC17,15090,15848,22,8,50,2024-11-11,39438892964074,CLM10345,PAT20345,HSP326,DOC5751,D005,T100,2024-05-05,2023-10-06,36001,1659,Mumbai
C0347,P0672,H007,D012,DIA_ACUTE1,Acute,PROC18,11686,12550,25,3,50,2024-09-16,32140884425579,CLM10346,PAT20346,HSP964,DOC7223,D003,T500,2022-09-07,2022-09-01,18173,13970,Mumbai
C0348,P0274,H006,D007,DIA_MINOR1,Minor,PROC11,26888,26387,4,0,50,2024-09-21,16554588761244,CLM10347,PAT20347,HSP667,DOC9979,D005,T100,2025-08-07,2025-02-10,18230,33179,Chennai
C0349,P0342,H019,D032,DIA_DIAL,Chronic,PROC09,33011,31104,3,0,80,2024-12-17,20095799954033,CLM10348,PAT20348,HSP781,DOC9479,D004,T400,2025-08-19,2025-03-04,17872,14324,Delhi
C0350,P0317,H017,D015,DIA_ACUTE2,Acute,PROC13,16664,18067,2,8,49,2024-11-06,56372116221697,CLM10349,PAT20349,HSP825,DOC1260,D005,T400,2022-04-12,2022-08-21,4952,29575,Bangalore
C0351,P0331,H016,D015,DIA_ACUTE2,Acute,PROC01,27253,24668,7,8,65,2024-02-29,43521726446189,CLM10350,PAT20350,HSP833,DOC4181,D004,T200,2025-07-29,2022-11-08,7579,28657,Kolkata
C0352,P0302,H007,D034,DIA_ACUTE2,Acute,PROC10,43670,44883,5,3,22,2024-09-17,89950038616988,CLM10351,PAT20351,HSP292,DOC1628,D005,T500,2023-10-19,2024-02-03,5268,37780,Delhi
C0353,P0796,H004,D044,DIA_DIAL,Chronic,PROC08,15439,15704,1,7,45,2024-02-09,12351200264347,CLM10352,PAT20352,HSP734,DOC4920,D004,T100,2025-10-15,2024-04-18,26544,4774,Delhi
C0354,P0183,H019,D001,DIA_ACUTE1,Acute,PROC12,14650,17643,4,5,26,2024-07-07,90281627441358,CLM10353,PAT20353,HSP928,DOC5543,D002,T100,2023-04-16,2024-02-25,13602,43086,Chennai
C0355,P0684,H006,D012,DIA_DIAL,Chronic,PROC14,22470,19999,1,10,18,2024-09-30,40669988525679,CLM10354,PAT20354,HSP661,DOC2795,D005,T400,2025-10-29,2025-05-11,15405,16196,Mumbai
C0356,P0225,H003,D038,DIA_MINOR1,Minor,PROC07,23227,21863,5,1,79,2024-06-28,58105169334726,CLM10355,PAT20355,HSP513,DOC1809,D002,T300,2024-03-08,2022-08-20,13648,42119,Mumbai
C0357,P0292,H013,D010,DIA_ACUTE2,Acute,PROC01,23482,22658,4,5,77,2024-05-15,22346514510362,CLM10356,PAT20356,HSP988,DOC7688,D002,T300,2025-04-21,2022-07-24,7614,4603,Bangalore
C0358,P0116,H014,D038,DIA_CAN,Chronic,PROC20,24605,24914,15,5,68,2024-12-06,68998727629219,CLM10357,PAT20357,HSP406,DOC4263,D004,T200,2022-01-30,2022-03-28,33082,43898,Mumbai
C0359,P0172,H002,D009,DIA_MINOR1,Minor,PROC14,15658,12925,4,1,20,2024-08-16,90590631772015,CLM10358,PAT20358,HSP675,DOC8587,D002,T400,2022-06-19,2023-01-26,49420,6752,Mumbai
C0360,P0709,H015,D002,DIA_ACUTE2,Acute,PROC01,29122,30222,2,2,79,2024-07-10,61958602249700,CLM10359,PAT20359,HSP921,DOC6686,D004,T100,2024-06-11,2025-08-30,1208,4137,Kolkata
C0361,P0698,H013,D050,DIA_MINOR1,Minor,PROC05,17534,17499,6,5,64,2024-10-18,73634074017929,CLM10360,PAT20360,HSP939,DOC5739,D002,T500,2023-09-12,2022-11-17,20098,9390,Chennai
C0362,P0031,H012,D023,DIA_MINOR2,Minor,PROC09,34717,32189,2,0,46,2024-05-02,40017414905653,CLM10361,PAT20361,HSP403,DOC2427,D003,T500,2024-02-12,2023-06-27,44287,18079,Hyderabad
C0363,P0582,H010,D045,DIA_CAN,Chronic,PROC08,34711,35036,3,5,62,2024-05-07,24418986154645,CLM10362,PAT20362,HSP763,DOC1897,D002,T500,2023-08-15,2022-01-09,29219,10099,Chennai
C0364,P0070,H006,D040,DIA_DIAL,Chronic,PROC08,26166,23274,3,6,53,2024-12-23,16357278947949,CLM10363,PAT20363,HSP757,DOC3851,D005,T500,2025-11-23,2022-04-30,45681,33450,Hyderabad
C0365,P0569,H004,D042,DIA_MINOR1,Minor,PROC11,16923,18523,6,5,30,2024-04-01,94916356259535,CLM10364,PAT20364,HSP497,DOC8211,D002,T100,2024-03-06,2025-12-13,31338,13825,Hyderabad
C0366,P0230,H001,D014,DIA_ACUTE1,Acute,PROC02,26580,24124,5,1,80,2024-09-07,46216145663025,CLM10365,PAT20365,HSP291,DOC6594,D004,T500,2024-06-30,2023-09-01,12200,11462,Bangalore
C0367,P0153,H017,D010,DIA_ACUTE1,Acute,PROC06,31473,33131,5,9,21,2024-10-13,31026313176236,CLM10366,PAT20366,HSP969,DOC4587,D005,T500,2022-09-11,2025-04-18,37561,6831,Mumbai
C0368,P0147,H011,D030,DIA_ACUTE1,Acute,PROC16,41724,38916,7,5,38,2024-03-19,24346573875547,CLM10367,PAT20367,HSP486,DOC3135,D001,T500,2023-02-10,2024-08-20,18213,1683,Kolkata
C0369,P0100,H004,D029,DIA_CAN,Chronic,PROC10,27166,25151,1,4,25,2024-07-15,46533837272693,CLM10368,PAT20368,HSP119,DOC7034,D001,T100,2022-11-15,2023-03-29,24622,6395,Mumbai
C0370,P0283,H008,D035,DIA_MINOR1,Minor,PROC14,30377,30392,4,9,48,2024-07-06,78776492871561,CLM10369,PAT20369,HSP403,DOC1990,D002,T300,2022-05-20,2022-01-07,1407,6104,Hyderabad
C0371,P0605,H010,D041,DIA_ACUTE2,Acute,PROC08,40201,40435,7,1,64,2024-03-28,94179768821173,CLM10370,PAT20370,HSP374,DOC1682,D002,T200,2024-11-29,2022-11-28,14693,34647,Bangalore
C0372,P0351,H012,D015,DIA_DIAL,Chronic,PROC12,14812,44436,3,0,45,2024-01-28,88043906486557,CLM10371,PAT20371,HSP519,DOC2462,D002,T100,2025-12-16,2025-06-27,8448,22704,Kolkata
C0373,P0120,H002,D017,DIA_ACUTE2,Acute,PROC03,18849,21760,2,1,25,2024-11-03,35183907653884,CLM10372,PAT20372,HSP786,DOC3910,D004,T300,2024-12-21,2025-08-09,31310,37955,Mumbai
C0374,P0596,H015,D048,DIA_MINOR1,Minor,PROC04,29773,26901,7,5,37,2024-07-17,12332298346386,CLM10373,PAT20373,HSP922,DOC1306,D005,T300,2024-06-27,2023-09-25,22433,43562,Chennai
C0375,P0225,H019,D037,DIA_CAN,Chronic,PROC07,8093,8319,2,9,28,2024-04-30,52209892462663,CLM10374,PAT20374,HSP978,DOC5053,D005,T500,2023-11-19,2024-01-28,40463,28804,Mumbai
C0376,P0773,H007,D013,DIA_ACUTE1,Acute,PROC13,31682,29175,4,8,28,2024-08-04,66755859529662,CLM10375,PAT20375,HSP472,DOC6250,D001,T100,2022-07-22,2023-04-24,37182,34807,Bangalore
C0377,P0075,H002,D013,DIA_DIAL,Chronic,PROC08,38813,39133,1,1,23,2024-08-29,60245481241524,CLM10376,PAT20376,HSP457,DOC5393,D001,T200,2023-11-15,2023-02-11,22691,36711,Chennai
C0378,P0602,H008,D010,DIA_CAN,Chronic,PROC08,38001,39944,3,1,63,2024-07-04,50709686626971,CLM10377,PAT20377,HSP299,DOC8130,D005,T100,2022-02-15,2022-06-24,43044,1577,Chennai
C0379,P0419,H006,D020,DIA_MINOR1,Minor,PROC13,13373,16180,2,5,36,2024-10-06,74963727186273,CLM10378,PAT20378,HSP956,DOC5409,D003,T100,2023-02-03,2023-09-06,44614,8863,Hyderabad
C0380,P0654,H002,D001,DIA_CAN,Chronic,PROC06,18437,18118,1,7,24,2024-04-24,83119303947692,CLM10379,PAT20379,HSP306,DOC9160,D001,T500,2025-11-20,2023-04-02,15706,40485,Hyderabad
C0381,P0119,H015,D011,DIA_MINOR2,Minor,PROC13,11249,33747,9,5,48,2024-07-06,43183431616440,CLM10380,PAT20380,HSP769,DOC7972,D001,T100,2024-03-05,2025-11-16,41296,6040,Kolkata
C0382,P0505,H003,D009,DIA_CAN,Chronic,PROC20,30554,28339,3,8,26,2024-04-26,97141766933543,CLM10381,PAT20381,HSP190,DOC2785,D005,T300,2022-11-22,2024-05-15,27553,35142,Chennai
C0383,P0428,H009,D020,DIA_ACUTE1,Acute,PROC14,11278,10739,2,10,64,2024-10-26,97154635868409,CLM10382,PAT20382,HSP713,DOC9929,D005,T500,2024-07-05,2022-02-11,11942,21494,Chennai
C0384,P0398,H002,D006,DIA_MINOR2,Minor,PROC06,30845,28354,3,3,69,2024-09-30,54695825430251,CLM10383,PAT20383,HSP173,DOC6069,D004,T100,2023-12-06,2022-05-21,36739,7520,Delhi
C0385,P0575,H003,D046,DIA_MINOR1,Minor,PROC01,25446,27068,7,1,52,2024-11-08,70625679426318,CLM10384,PAT20384,HSP964,DOC1900,D001,T100,2024-03-09,2022-06-08,3920,38469,Mumbai
C0386,P0742,H006,D021,DIA_ACUTE2,Acute,PROC18,14267,11883,3,2,51,2024-09-10,34030324599751,CLM10385,PAT20385,HSP128,DOC6163,D002,T400,2024-04-20,2024-09-22,37503,10799,Delhi
C0387,P0485,H004,D031,DIA_ACUTE1,Acute,PROC02,41710,41309,7,0,36,2024-09-10,53261556319687,CLM10386,PAT20386,HSP202,DOC2602,D001,T300,2024-12-04,2024-11-26,16159,40574,Chennai
C0388,P0065,H015,D021,DIA_DIAL,Chronic,PROC07,33011,33792,2,3,28,2024-06-28,24169686474289,CLM10387,PAT20387,HSP295,DOC3552,D002,T100,2025-01-30,2025-06-21,44009,10991,Chennai
C0389,P0627,H003,D021,DIA_DIAL,Chronic,PROC19,18794,16238,3,10,39,2024-02-26,15806449418912,CLM10388,PAT20388,HSP789,DOC6616,D003,T300,2022-05-24,2022-09-21,7168,15046,Hyderabad
C0390,P0141,H015,D036,DIA_DIAL,Chronic,PROC05,45230,90460,10,8,31,2024-02-14,82301287770029,CLM10389,PAT20389,HSP174,DOC9164,D002,T400,2023-11-06,2023-08-29,14280,31336,Hyderabad
C0391,P0253,H008,D032,DIA_MINOR1,Minor,PROC10,44068,41968,5,5,31,2024-01-10,85167569661699,CLM10390,PAT20390,HSP266,DOC3493,D001,T100,2025-10-23,2024-01-03,14221,17374,Hyderabad
C0392,P0744,H015,D020,DIA_ACUTE1,Acute,PROC05,16902,17583,2,4,44,2024-07-05,96957910025695,CLM10391,PAT20391,HSP771,DOC7464,D004,T200,2022-11-29,2024-10-08,23413,28647,Chennai
C0393,P0520,H002,D030,DIA_MINOR2,Minor,PROC10,23563,24855,7,8,34,2024-01-28,29986202178004,CLM10392,PAT20392,HSP242,DOC5457,D002,T400,2023-09-16,2023-07-16,43230,19820,Mumbai
C0394,P0381,H012,D007,DIA_MINOR1,Minor,PROC08,25710,27065,3,6,55,2024-04-05,67624109551027,CLM10393,PAT20393,HSP488,DOC3160,D003,T400,2022-02-19,2023-12-16,48091,30644,Delhi
C0395,P0697,H020,D011,DIA_MINOR1,Minor,PROC03,19577,19471,5,9,49,2024-08-02,54064939355663,CLM10394,PAT20394,HSP805,DOC3137,D002,T300,2023-07-20,2023-12-14,5147,8223,Mumbai
C0396,P0559,H004,D021,DIA_CAN,Chronic,PROC03,29348,30268,1,10,68,2024-10-30,93425219694028,CLM10395,PAT20395,HSP486,DOC9389,D005,T400,2025-04-09,2025-12-28,23017,32409,Hyderabad
C0397,P0274,H006,D045,DIA_DIAL,Chronic,PROC18,28990,30993,3,1,44,2024-09-20,28584212801838,CLM10396,PAT20396,HSP538,DOC4027,D005,T100,2023-08-03,2025-03-21,26668,24824,Kolkata
C0398,P0269,H020,D017,DIA_MINOR1,Minor,PROC08,8978,7292,6,9,35,2024-08-05,41662162683919,CLM10397,PAT20397,HSP926,DOC4303,D002,T300,2025-12-04,2025-09-26,8372,4437,Mumbai
C0399,P0053,H006,D046,DIA_ACUTE1,Acute,PROC04,23444,46888,2,0,43,2024-10-17,88356249130802,CLM10398,PAT20398,HSP623,DOC1999,D002,T400,2025-01-13,2024-05-20,14680,1700,Kolkata
C0400,P0010,H016,D021,DIA_DIAL,Chronic,PROC12,46657,48165,1,1,68,2024-04-24,60821611876086,CLM10399,PAT20399,HSP240,DOC2562,D004,T500,2025-06-20,2024-05-04,44785,28495,Kolkata
C0401,P0492,H018,D016,DIA_ACUTE1,Acute,PROC09,24767,23550,7,8,80,2024-10-28,39407548949887,CLM10400,PAT20400,HSP440,DOC3797,D005,T200,2022-01-31,2025-01-28,28172,8180,Mumbai
C0402,P0209,H006,D013,DIA_ACUTE1,Acute,PROC18,49919,49575,5,9,18,2024-08-04,37899101994399,CLM10401,PAT20401,HSP971,DOC4670,D002,T500,2022-01-19,2022-09-28,39132,24708,Kolkata
C0403,P0143,H020,D021,DIA_CAN,Chronic,PROC01,36349,38324,1,4,27,2024-11-16,25464133905879,CLM10402,PAT20402,HSP826,DOC9224,D001,T500,2024-11-05,2025-11-08,48981,2807,Chennai
C0404,P0280,H002,D004,DIA_ACUTE2,Acute,PROC02,41681,39221,6,6,68,2024-06-05,12664859975190,CLM10403,PAT20403,HSP790,DOC4191,D005,T100,2025-04-22,2023-05-24,47449,9538,Chennai
C0405,P0256,H002,D015,DIA_ACUTE1,Acute,PROC16,26424,23990,3,5,57,2024-03-08,66982503635591,CLM10404,PAT20404,HSP946,DOC1645,D005,T300,2022-11-12,2023-12-10,11347,648,Kolkata
C0406,P0386,H017,D040,DIA_DIAL,Chronic,PROC08,33128,32159,2,3,39,2024-04-28,26540724845296,CLM10405,PAT20405,HSP578,DOC4062,D002,T500,2022-11-04,2025-08-29,5479,40562,Delhi
C0407,P0471,H017,D007,DIA_CAN,Chronic,PROC03,30025,32301,2,6,50,2024-06-18,64777726185276,CLM10406,PAT20406,HSP793,DOC5102,D003,T300,2024-12-13,2023-02-08,13658,39688,Kolkata
C0408,P0710,H012,D046,DIA_DIAL,Chronic,PROC19,32905,34942,2,3,73,2024-06-25,79876763363294,CLM10407,PAT20407,HSP626,DOC5845,D004,T100,2025-04-30,2023-07-16,26067,34842,Delhi
C0409,P0311,H003,D024,DIA_MINOR2,Minor,PROC18,8126,6646,7,9,50,2024-11-14,99764210238911,CLM10408,PAT20408,HSP620,DOC8145,D004,T500,2024-10-07,2023-01-26,8072,33100,Bangalore
C0410,P0780,H016,D007,DIA_CAN,Chronic,PROC11,42886,42258,1,6,65,2024-12-14,13567754182518,CLM10409,PAT20409,HSP767,DOC7186,D004,T400,2025-09-07,2022-11-28,4445,20309,Bangalore
C0411,P0565,H009,D047,DIA_CAN,Chronic,PROC09,18212,19768,1,2,74,2024-04-23,12006161065315,CLM10410,PAT20410,HSP731,DOC2733,D002,T500,2022-05-07,2023-08-19,40080,1696,Delhi
C0412,P0029,H019,D038,DIA_ACUTE1,Acute,PROC04,15945,15084,2,4,78,2024-02-23,40154585443372,CLM10411,PAT20411,HSP749,DOC5965,D002,T100,2023-10-08,2023-04-07,9217,14876,Chennai
C0413,P0341,H010,D004,DIA_MINOR2,Minor,PROC04,20850,21253,3,8,60,2024-03-14,80698102952479,CLM10412,PAT20412,HSP460,DOC8995,D004,T400,2024-05-05,2022-07-08,20588,43569,Chennai
C0414,P0672,H013,D010,DIA_DIAL,Chronic,PROC13,49765,47192,1,9,33,2024-10-16,26275063059566,CLM10413,PAT20413,HSP415,DOC2966,D002,T300,2024-01-23,2023-02-22,23053,34010,Hyderabad
C0415,P0388,H009,D017,DIA_MINOR2,Minor,PROC06,29508,29663,7,10,55,2024-03-01,80126877295258,CLM10414,PAT20414,HSP174,DOC7068,D001,T100,2022-04-20,2023-10-20,42874,10015,Chennai
C0416,P0612,H015,D043,DIA_DIAL,Chronic,PROC10,49750,48781,2,2,50,2024-07-15,67587766820955,CLM10415,PAT20415,HSP922,DOC9066,D005,T200,2024-07-04,2023-09-15,26357,1985,Delhi
C0417,P0057,H014,D049,DIA_ACUTE2,Acute,PROC04,43505,46399,4,10,57,2024-05-13,88704871173995,CLM10416,PAT20416,HSP709,DOC4660,D005,T200,2022-08-15,2024-03-18,11843,3499,Kolkata
C0418,P0575,H012,D025,DIA_DIAL,Chronic,PROC17,33265,35868,3,1,58,2024-04-28,90934943479916,CLM10417,PAT20417,HSP155,DOC5359,D002,T200,2025-02-17,2024-06-08,9552,7969,Delhi
C0419,P0577,H016,D043,DIA_ACUTE1,Acute,PROC15,19375,22107,4,2,48,2024-03-06,49152718761021,CLM10418,PAT20418,HSP297,DOC2860,D001,T100,2023-04-04,2023-09-10,25291,13943,Mumbai
C0420,P0050,H009,D031,DIA_DIAL,Chronic,PROC12,21835,24575,3,5,78,2024-09-20,50354170581418,CLM10419,PAT20419,HSP915,DOC2620,D003,T500,2024-12-18,2022-05-11,18628,41552,Chennai
C0421,P0198,H002,D041,DIA_MINOR2,Minor,PROC10,27375,25439,7,0,63,2024-01-16,46254761265616,CLM10420,PAT20420,HSP373,DOC2141,D002,T300,2022-09-24,2023-06-20,6153,8265,Hyderabad
C0422,P0003,H014,D023,DIA_DIAL,Chronic,PROC18,8725,6020,2,1,77,2024-04-05,65561871429652,CLM10421,PAT20421,HSP287,DOC3947,D004,T300,2025-10-31,2022-09-05,17439,38084,Delhi
C0423,P0665,H020,D034,DIA_CAN,Chronic,PROC16,8907,6395,3,6,51,2024-07-18,70223973904519,CLM10422,PAT20422,HSP261,DOC6737,D001,T300,2022-07-07,2022-05-11,9613,35894,Mumbai
C0424,P0201,H014,D024,DIA_ACUTE1,Acute,PROC17,31868,33168,7,9,77,2024-05-23,65044918454853,CLM10423,PAT20423,HSP616,DOC7642,D005,T400,2022-02-02,2023-03-17,41344,6274,Hyderabad
C0425,P0157,H004,D010,DIA_MINOR1,Minor,PROC11,14474,15835,25,8,37,2024-03-15,24696820555740,CLM10424,PAT20424,HSP635,DOC4754,D005,T200,2023-08-03,2025-03-01,30723,22035,Mumbai
C0426,P0030,H016,D003,DIA_ACUTE1,Acute,PROC03,24203,21888,3,9,29,2024-12-28,31314941984018,CLM10425,PAT20425,HSP311,DOC3180,D002,T300,2022-04-08,2023-07-23,11154,37264,Chennai
C0427,P0555,H004,D018,DIA_DIAL,Chronic,PROC12,27540,27922,2,4,58,2024-08-28,59884814104580,CLM10426,PAT20426,HSP741,DOC3072,D003,T500,2023-06-15,2022-05-05,25310,36405,Bangalore
C0428,P0476,H008,D007,DIA_CAN,Chronic,PROC13,49299,46905,3,8,55,2024-01-02,17147632632152,CLM10427,PAT20427,HSP793,DOC4426,D003,T100,2023-10-09,2025-05-22,35829,8068,Delhi
C0429,P0178,H010,D049,DIA_MINOR1,Minor,PROC20,47925,50811,3,4,36,2024-10-20,48085492547371,CLM10428,PAT20428,HSP423,DOC7476,D005,T200,2024-02-28,2025-04-01,26119,39578,Delhi
C0430,P0119,H006,D040,DIA_DIAL,Chronic,PROC09,30826,33607,2,8,35,2024-02-17,25624512530987,CLM10429,PAT20429,HSP722,DOC9619,D005,T200,2023-03-07,2022-07-21,4915,38650,Kolkata
C0431,P0210,H020,D020,DIA_DIAL,Chronic,PROC04,32784,31147,3,1,27,2024-05-19,32917923300307,CLM10430,PAT20430,HSP481,DOC5109,D005,T400,2022-04-10,2022-03-04,39569,22092,Chennai
C0432,P0139,H002,D047,DIA_MINOR1,Minor,PROC05,36281,108843,5,4,64,2024-10-25,53074194595523,CLM10431,PAT20431,HSP753,DOC8266,D003,T100,2023-12-08,2023-08-15,46682,25631,Kolkata
C0433,P0400,H005,D009,DIA_DIAL,Chronic,PROC16,35801,36549,2,6,52,2024-10-17,11828874232958,CLM10432,PAT20432,HSP163,DOC3429,D001,T100,2023-10-18,2025-02-15,20348,43929,Mumbai
C0434,P0475,H004,D024,DIA_DIAL,Chronic,PROC19,35721,35573,1,2,65,2024-08-30,99212776768804,CLM10433,PAT20433,HSP335,DOC8425,D005,T300,2022-02-05,2024-06-08,48103,7926,Chennai
C0435,P0580,H007,D031,DIA_CAN,Chronic,PROC11,34764,37451,3,3,18,2024-08-25,47045032927303,CLM10434,PAT20434,HSP484,DOC2923,D004,T100,2022-09-04,2025-04-29,48683,29363,Chennai
C0436,P0311,H009,D040,DIA_CAN,Chronic,PROC03,10540,9452,3,10,45,2024-12-02,39519026752096,CLM10435,PAT20435,HSP766,DOC6384,D003,T300,2024-05-13,2022-01-26,23300,31122,Chennai
C0437,P0046,H006,D040,DIA_ACUTE1,Acute,PROC06,38886,39222,3,2,21,2024-09-24,85720651952457,CLM10436,PAT20436,HSP345,DOC3229,D001,T300,2024-02-05,2024-07-05,41150,12298,Kolkata
C0438,P0430,H011,D003,DIA_CAN,Chronic,PROC13,38488,37919,1,5,65,2024-02-18,63174938880727,CLM10437,PAT20437,HSP732,DOC9239,D002,T100,2023-02-01,2025-03-13,28278,39824,Mumbai
C0439,P0603,H010,D030,DIA_ACUTE1,Acute,PROC03,43987,46044,3,6,56,2024-05-05,52419497523464,CLM10438,PAT20438,HSP582,DOC7932,D004,T500,2024-06-26,2022-04-10,39080,17907,Mumbai
C0440,P0543,H019,D031,DIA_DIAL,Chronic,PROC20,18683,15739,2,5,63,2024-12-16,38305204617933,CLM10439,PAT20439,HSP765,DOC8914,D004,T100,2022-04-19,2025-09-27,21043,23736,Delhi
C0441,P0086,H009,D028,DIA_MINOR2,Minor,PROC05,26365,26107,4,1,73,2024-03-23,54110390401846,CLM10440,PAT20440,HSP807,DOC3266,D005,T100,2022-04-25,2024-12-17,20422,5796,Kolkata
C0442,P0131,H017,D019,DIA_MINOR1,Minor,PROC14,42431,169724,3,9,32,2024-05-24,21494560752656,CLM10441,PAT20441,HSP256,DOC2998,D005,T100,2024-09-24,2024-01-18,28400,12484,Hyderabad
C0443,P0780,H018,D026,DIA_ACUTE1,Acute,PROC11,12738,38214,2,8,70,2024-03-12,17165041616861,CLM10442,PAT20442,HSP333,DOC2767,D003,T100,2023-08-23,2023-02-17,33334,42032,Kolkata
C0444,P0586,H001,D045,DIA_ACUTE2,Acute,PROC06,17450,17641,6,4,38,2024-12-11,22941084881907,CLM10443,PAT20443,HSP680,DOC2530,D004,T300,2024-02-03,2024-12-16,28755,34763,Kolkata
C0445,P0092,H011,D039,DIA_ACUTE2,Acute,PROC09,33765,101295,5,8,52,2024-12-09,48166979733927,CLM10444,PAT20444,HSP371,DOC7871,D005,T500,2024-08-03,2022-12-20,13745,8946,Kolkata
C0446,P0285,H006,D016,DIA_ACUTE2,Acute,PROC05,36985,35105,7,9,18,2024-11-23,26662195544002,CLM10445,PAT20445,HSP148,DOC8849,D003,T300,2024-08-18,2023-05-16,30084,11224,Bangalore
C0447,P0177,H001,D043,DIA_MINOR2,Minor,PROC07,26878,28615,5,6,37,2024-01-10,86815589399402,CLM10446,PAT20446,HSP202,DOC8802,D004,T400,2023-04-13,2025-07-17,1787,21485,Hyderabad
C0448,P0628,H011,D017,DIA_ACUTE2,Acute,PROC12,16457,32914,5,1,75,2024-02-19,56406729075790,CLM10447,PAT20447,HSP912,DOC4017,D001,T200,2025-10-24,2022-10-11,45387,14431,Mumbai
C0449,P0562,H010,D005,DIA_CAN,Chronic,PROC04,39178,41745,1,7,32,2024-03-08,27748193690504,CLM10448,PAT20448,HSP471,DOC5372,D004,T200,2025-05-15,2023-05-04,17085,31456,Kolkata
C0450,P0340,H012,D013,DIA_MINOR2,Minor,PROC15,22455,24074,3,5,66,2024-07-25,53266118229185,CLM10449,PAT20449,HSP300,DOC8328,D004,T200,2022-02-07,2022-09-02,8947,36840,Chennai
C0451,P0352,H015,D016,DIA_MINOR1,Minor,PROC06,21314,19862,6,1,32,2024-11-20,66079921301731,CLM10450,PAT20450,HSP672,DOC2509,D003,T200,2023-01-05,2022-07-20,23838,8951,Delhi
C0452,P0627,H004,D019,DIA_ACUTE1,Acute,PROC06,48722,47896,3,6,74,2024-03-31,61322589379314,CLM10451,PAT20451,HSP588,DOC7104,D005,T500,2025-07-01,2022-06-17,46270,995,Hyderabad
C0453,P0314,H008,D017,DIA_CAN,Chronic,PROC17,32551,29832,3,8,38,2024-04-01,67277073053536,CLM10452,PAT20452,HSP250,DOC3303,D001,T300,2025-05-13,2025-10-30,12979,43691,Delhi
C0454,P0067,H015,D006,DIA_MINOR1,Minor,PROC14,38932,37523,3,6,73,2024-02-28,96573395529557,CLM10453,PAT20453,HSP548,DOC4818,D001,T400,2024-06-16,2023-04-03,16313,15886,Delhi
C0455,P0041,H016,D001,DIA_CAN,Chronic,PROC20,38781,40466,1,0,55,2024-05-06,81081600946887,CLM10454,PAT20454,HSP693,DOC8553,D001,T100,2023-08-10,2022-12-02,14950,35702,Kolkata
C0456,P0659,H009,D026,DIA_ACUTE2,Acute,PROC18,39625,40383,2,8,75,2024-10-31,90299817265037,CLM10455,PAT20455,HSP365,DOC5861,D004,T300,2025-06-20,2023-12-27,25804,27785,Mumbai
C0457,P0521,H010,D009,DIA_ACUTE2,Acute,PROC07,28208,29517,2,4,70,2024-09-13,61548399673635,CLM10456,PAT20456,HSP915,DOC7305,D001,T300,2025-01-03,2025-03-05,3665,7514,Kolkata
C0458,P0231,H010,D039,DIA_MINOR1,Minor,PROC20,40673,38874,4,2,63,2024-10-19,45671371964769,CLM10457,PAT20457,HSP301,DOC8881,D003,T400,2024-05-08,2023-02-06,41586,28022,Delhi
C0459,P0367,H009,D018,DIA_MINOR2,Minor,PROC11,40364,41798,3,5,34,2024-04-16,50413823392274,CLM10458,PAT20458,HSP331,DOC4959,D004,T300,2023-12-06,2022-07-22,10212,41984,Delhi
C0460,P0019,H011,D020,DIA_MINOR1,Minor,PROC19,16154,16676,5,2,68,2024-04-12,94990433660990,CLM10459,PAT20459,HSP707,DOC1834,D001,T400,2023-12-23,2022-11-22,2645,35584,Hyderabad
C0461,P0424,H012,D001,DIA_CAN,Chronic,PROC11,8235,5607,2,6,72,2024-07-26,16800934965398,CLM10460,PAT20460,HSP684,DOC5960,D004,T300,2023-03-12,2023-03-17,8228,11326,Kolkata
C0462,P0662,H020,D003,DIA_ACUTE2,Acute,PROC08,12201,11086,5,2,40,2024-09-18,27401922153737,CLM10461,PAT20461,HSP399,DOC3933,D005,T500,2022-06-19,2024-11-09,37085,24834,Hyderabad
C0463,P0041,H013,D016,DIA_CAN,Chronic,PROC15,13352,16056,3,3,73,2024-12-28,82205212397440,CLM10462,PAT20462,HSP620,DOC5074,D001,T200,2025-06-23,2022-03-12,33953,20602,Bangalore
C0464,P0513,H013,D003,DIA_DIAL,Chronic,PROC19,33158,34573,3,1,40,2024-12-02,58383581461701,CLM10463,PAT20463,HSP651,DOC2383,D003,T500,2025-08-15,2024-05-17,16260,28764,Chennai
C0465,P0408,H011,D020,DIA_CAN,Chronic,PROC03,15545,13228,3,2,33,2024-04-01,29628313594402,CLM10464,PAT20464,HSP518,DOC8481,D003,T500,2022-07-08,2022-12-17,49346,22572,Bangalore
C0466,P0155,H005,D013,DIA_ACUTE2,Acute,PROC01,37027,38011,20,0,52,2024-09-18,64620373798634,CLM10465,PAT20465,HSP159,DOC2367,D001,T400,2023-07-13,2025-10-14,36366,21424,Chennai
C0467,P0253,H012,D024,DIA_MINOR2,Minor,PROC15,8511,6875,3,10,38,2024-05-09,56904980195298,CLM10466,PAT20466,HSP361,DOC2084,D002,T500,2024-12-15,2023-12-11,30109,35470,Hyderabad
C0468,P0198,H003,D025,DIA_MINOR2,Minor,PROC19,16308,32616,8,8,20,2024-01-01,29951943148132,CLM10467,PAT20467,HSP484,DOC8283,D003,T400,2022-06-10,2023-09-20,30586,35768,Kolkata
C0469,P0478,H012,D038,DIA_MINOR2,Minor,PROC07,28483,26045,7,6,77,2024-08-11,45701286563376,CLM10468,PAT20468,HSP504,DOC2846,D001,T400,2024-11-15,2025-08-07,32544,43504,Chennai
C0470,P0408,H004,D003,DIA_MINOR2,Minor,PROC08,48261,96522,2,3,62,2024-07-29,31653154041035,CLM10469,PAT20469,HSP127,DOC6660,D003,T500,2023-12-29,2025-04-01,40158,5367,Delhi
C0471,P0409,H018,D005,DIA_CAN,Chronic,PROC06,30359,30624,2,1,49,2024-01-20,43378746972374,CLM10470,PAT20470,HSP423,DOC2817,D003,T100,2023-01-29,2023-05-31,1081,43445,Mumbai
C0472,P0678,H006,D047,DIA_DIAL,Chronic,PROC16,16602,16771,3,0,35,2024-06-21,33139944451498,CLM10471,PAT20471,HSP873,DOC9840,D001,T100,2022-10-08,2024-07-09,34741,40473,Bangalore
C0473,P0230,H006,D044,DIA_ACUTE2,Acute,PROC08,17862,18916,3,2,60,2024-01-28,80285302773767,CLM10472,PAT20472,HSP434,DOC5793,D001,T300,2025-11-27,2023-04-11,9424,5288,Bangalore
C0474,P0408,H010,D047,DIA_MINOR1,Minor,PROC18,14853,12520,7,8,50,2024-05-24,44174691237880,CLM10473,PAT20473,HSP509,DOC1569,D003,T200,2024-12-28,2022-10-19,20698,1403,Bangalore
C0475,P0716,H019,D019,DIA_MINOR1,Minor,PROC16,34226,32005,6,0,44,2024-01-05,91231656895471,CLM10474,PAT20474,HSP853,DOC2384,D003,T200,2022-01-19,2025-05-15,48515,9739,Hyderabad
C0476,P0336,H006,D027,DIA_MINOR2,Minor,PROC09,26814,53628,2,1,35,2024-12-26,55479909207956,CLM10475,PAT20475,HSP999,DOC5725,D004,T400,2022-12-03,2025-12-24,41010,1497,Delhi
C0477,P0514,H020,D020,DIA_CAN,Chronic,PROC17,31282,32998,1,6,37,2024-03-26,61709935277473,CLM10476,PAT20476,HSP946,DOC7721,D005,T100,2024-10-30,2022-11-15,27476,43751,Kolkata
C0478,P0198,H016,D038,DIA_CAN,Chronic,PROC14,46038,46857,2,10,77,2024-10-19,79663484469761,CLM10477,PAT20477,HSP735,DOC4470,D005,T500,2024-03-11,2022-08-25,14362,38643,Delhi
C0479,P0660,H019,D027,DIA_MINOR1,Minor,PROC19,39795,37754,5,6,78,2024-08-12,11215485398734,CLM10478,PAT20478,HSP753,DOC4745,D003,T300,2025-09-19,2025-04-17,33385,9759,Hyderabad
C0480,P0633,H008,D004,DIA_MINOR2,Minor,PROC05,34674,36084,5,10,35,2024-04-29,80952317909511,CLM10479,PAT20479,HSP677,DOC2750,D002,T400,2023-01-27,2022-04-04,6363,21818,Hyderabad
C0481,P0521,H015,D031,DIA_CAN,Chronic,PROC08,45936,43933,1,4,40,2024-09-18,48417363995233,CLM10480,PAT20480,HSP619,DOC6072,D001,T100,2024-02-29,2022-10-05,1233,39676,Bangalore
C0482,P0427,H014,D036,DIA_MINOR2,Minor,PROC14,42506,42394,3,2,78,2024-12-13,13928337492003,CLM10481,PAT20481,HSP289,DOC9226,D004,T300,2024-10-21,2023-07-08,44624,3508,Kolkata
C0483,P0425,H017,D008,DIA_ACUTE2,Acute,PROC02,22027,20894,6,8,42,2024-07-11,80681327539160,CLM10482,PAT20482,HSP731,DOC3671,D002,T500,2023-12-13,2022-09-05,17843,23897,Mumbai
C0484,P0753,H014,D038,DIA_CAN,Chronic,PROC05,49309,49077,1,9,73,2024-02-05,35964833119582,CLM10483,PAT20483,HSP889,DOC7444,D002,T200,2025-11-04,2022-03-14,20078,29264,Delhi
C0485,P0186,H012,D004,DIA_DIAL,Chronic,PROC11,21682,21607,2,10,62,2024-01-16,93848842749778,CLM10484,PAT20484,HSP561,DOC6890,D003,T400,2022-11-02,2025-08-10,2900,33062,Kolkata
C0486,P0024,H003,D027,DIA_DIAL,Chronic,PROC18,38952,38225,3,6,23,2024-09-24,15013975122206,CLM10485,PAT20485,HSP885,DOC1596,D003,T400,2024-08-24,2024-04-18,5102,33784,Hyderabad
C0487,P0198,H011,D003,DIA_ACUTE1,Acute,PROC06,24590,49180,7,7,74,2024-05-05,45999566235190,CLM10486,PAT20486,HSP237,DOC1684,D005,T200,2025-05-17,2025-06-14,10640,36013,Chennai
C0488,P0202,H007,D040,DIA_MINOR2,Minor,PROC09,12548,14650,2,7,63,2024-10-07,83005135924264,CLM10487,PAT20487,HSP933,DOC7963,D001,T500,2024-03-21,2024-11-26,5453,20709,Chennai
C0489,P0775,H017,D037,DIA_MINOR1,Minor,PROC13,28846,30411,7,2,20,2024-02-07,48691211981345,CLM10488,PAT20488,HSP912,DOC3066,D003,T100,2023-05-19,2024-09-29,40111,36371,Kolkata
C0490,P0746,H017,D029,DIA_MINOR2,Minor,PROC09,14494,11916,5,5,47,2024-08-14,93520811886684,CLM10489,PAT20489,HSP394,DOC7412,D005,T500,2024-01-28,2025-05-17,29473,24410,Mumbai
C0491,P0351,H003,D017,DIA_DIAL,Chronic,PROC11,26565,26957,2,0,65,2024-05-07,98719018206569,CLM10490,PAT20490,HSP878,DOC1124,D003,T200,2023-11-02,2022-11-01,47735,2132,Bangalore
C0492,P0129,H010,D019,DIA_CAN,Chronic,PROC18,45935,43971,3,7,24,2024-08-29,82071453102914,CLM10491,PAT20491,HSP820,DOC7716,D005,T200,2023-12-06,2024-05-01,25764,36455,Bangalore
C0493,P0755,H001,D019,DIA_MINOR2,Minor,PROC18,22173,22201,19,3,65,2024-05-30,86055373096415,CLM10492,PAT20492,HSP312,DOC2203,D004,T500,2025-12-13,2023-04-19,45038,35605,Delhi
C0494,P0397,H007,D020,DIA_CAN,Chronic,PROC02,36618,39222,3,10,56,2024-02-01,78450693636244,CLM10493,PAT20493,HSP691,DOC4741,D001,T500,2024-02-12,2024-02-11,34951,42591,Delhi
C0495,P0338,H006,D041,DIA_DIAL,Chronic,PROC05,36740,39101,1,10,60,2024-05-09,74876803626198,CLM10494,PAT20494,HSP117,DOC9895,D003,T500,2024-02-27,2025-02-28,11638,6379,Delhi
C0496,P0168,H016,D023,DIA_MINOR1,Minor,PROC09,23336,21657,3,7,78,2024-02-18,55669772364219,CLM10495,PAT20495,HSP281,DOC4252,D002,T300,2022-10-27,2025-09-19,41321,31505,Bangalore
C0497,P0604,H010,D042,DIA_DIAL,Chronic,PROC10,38027,152108,2,2,44,2024-07-17,50560279225688,CLM10496,PAT20496,HSP585,DOC5765,D001,T300,2023-11-01,2025-01-10,41768,13186,Hyderabad
C0498,P0030,H005,D012,DIA_DIAL,Chronic,PROC14,23513,70539,5,8,60,2024-01-20,32679298072092,CLM10497,PAT20497,HSP104,DOC8379,D003,T100,2023-05-25,2025-05-30,28426,20612,Kolkata
C0499,P0287,H018,D037,DIA_CAN,Chronic,PROC09,26244,26544,2,5,69,2024-08-12,81733242290748,CLM10498,PAT20498,HSP563,DOC8359,D005,T100,2025-02-04,2025-11-05,43720,3906,Kolkata
C0500,P0747,H006,D032,DIA_MINOR1,Minor,PROC19,20426,18226,4,5,56,2024-07-26,65647702416130,CLM10499,PAT20499,HSP515,DOC5913,D005,T100,2023-02-02,2025-12-04,14399,14454,Delhi
